timestamp_iso,ts_epoch,total_bytes
2025-11-21T08:02:33+00:00,1763712153.000000,1533.000000
2025-11-21T08:02:34+00:00,1763712154.000000,7723.000000
2025-11-21T08:02:35+00:00,1763712155.000000,4597.000000
2025-11-21T08:02:36+00:00,1763712156.000000,708.000000
2025-11-21T08:02:37+00:00,1763712157.000000,720.000000
2025-11-21T08:02:38+00:00,1763712158.000000,2567.000000
2025-11-21T08:02:39+00:00,1763712159.000000,7191.000000
2025-11-21T08:02:40+00:00,1763712160.000000,7132.000000
2025-11-21T08:02:41+00:00,1763712161.000000,6750.000000
2025-11-21T08:02:42+00:00,1763712162.000000,188071.000000
2025-11-21T08:02:43+00:00,1763712163.000000,5756.000000
2025-11-21T08:02:44+00:00,1763712164.000000,14064.000000
2025-11-21T08:02:45+00:00,1763712165.000000,4471.000000
2025-11-21T08:02:46+00:00,1763712166.000000,213.000000
2025-11-21T08:02:47+00:00,1763712167.000000,720.000000
2025-11-21T08:02:48+00:00,1763712168.000000,304.000000
2025-11-21T08:02:49+00:00,1763712169.000000,923.000000
2025-11-21T08:02:50+00:00,1763712170.000000,180.000000
2025-11-21T08:02:51+00:00,1763712171.000000,623.000000
2025-11-21T08:02:52+00:00,1763712172.000000,709.000000
2025-11-21T08:02:53+00:00,1763712173.000000,3803.000000
2025-11-21T08:02:54+00:00,1763712174.000000,944.000000
2025-11-21T08:02:55+00:00,1763712175.000000,1385.000000
2025-11-21T08:02:56+00:00,1763712176.000000,19412.000000
2025-11-21T08:02:57+00:00,1763712177.000000,20332.000000
2025-11-21T08:02:58+00:00,1763712178.000000,8909.000000
2025-11-21T08:02:59+00:00,1763712179.000000,9554.000000
2025-11-21T08:03:00+00:00,1763712180.000000,7718.000000
2025-11-21T08:03:01+00:00,1763712181.000000,2898.000000
2025-11-21T08:03:02+00:00,1763712182.000000,3592.000000
2025-11-21T08:03:03+00:00,1763712183.000000,6855.000000
2025-11-21T08:03:04+00:00,1763712184.000000,1110.000000
2025-11-21T08:03:05+00:00,1763712185.000000,42.000000
2025-11-21T08:03:06+00:00,1763712186.000000,180.000000
2025-11-21T08:03:07+00:00,1763712187.000000,714.000000
2025-11-21T08:03:08+00:00,1763712188.000000,13606.000000
2025-11-21T08:03:09+00:00,1763712189.000000,205.000000
2025-11-21T08:03:10+00:00,1763712190.000000,304.000000
2025-11-21T08:03:11+00:00,1763712191.000000,360.000000
2025-11-21T08:03:12+00:00,1763712192.000000,21336.000000
2025-11-21T08:03:13+00:00,1763712193.000000,664.000000
2025-11-21T08:03:14+00:00,1763712194.000000,365.000000
2025-11-21T08:03:15+00:00,1763712195.000000,20954.000000
2025-11-21T08:03:16+00:00,1763712196.000000,33264.000000
2025-11-21T08:03:17+00:00,1763712197.000000,386.000000
2025-11-21T08:03:18+00:00,1763712198.000000,931.000000
2025-11-21T08:03:19+00:00,1763712199.000000,788.000000
2025-11-21T08:03:20+00:00,1763712200.000000,683.000000
2025-11-21T08:03:21+00:00,1763712201.000000,429.000000
2025-11-21T08:03:22+00:00,1763712202.000000,266.000000
2025-11-21T08:03:23+00:00,1763712203.000000,304.000000
2025-11-21T08:03:24+00:00,1763712204.000000,300.000000
2025-11-21T08:03:25+00:00,1763712205.000000,750.000000
2025-11-21T08:03:26+00:00,1763712206.000000,720.000000
2025-11-21T08:03:27+00:00,1763712207.000000,240.000000
2025-11-21T08:03:28+00:00,1763712208.000000,857.000000
2025-11-21T08:03:29+00:00,1763712209.000000,10351.000000
2025-11-21T08:03:30+00:00,1763712210.000000,913.000000
2025-11-21T08:03:31+00:00,1763712211.000000,3039.000000
2025-11-21T08:03:32+00:00,1763712212.000000,240.000000
2025-11-21T08:03:33+00:00,1763712213.000000,506.000000
2025-11-21T08:03:34+00:00,1763712214.000000,347.000000
2025-11-21T08:03:35+00:00,1763712215.000000,368.000000
2025-11-21T08:03:36+00:00,1763712216.000000,102.000000
2025-11-21T08:03:37+00:00,1763712217.000000,60.000000
2025-11-21T08:03:38+00:00,1763712218.000000,300.000000
2025-11-21T08:03:39+00:00,1763712219.000000,180.000000
2025-11-21T08:03:40+00:00,1763712220.000000,1406.000000
2025-11-21T08:03:41+00:00,1763712221.000000,351.000000
2025-11-21T08:03:42+00:00,1763712222.000000,696.000000
2025-11-21T08:03:43+00:00,1763712223.000000,300.000000
2025-11-21T08:03:44+00:00,1763712224.000000,365.000000
2025-11-21T08:03:45+00:00,1763712225.000000,631.000000
2025-11-21T08:03:46+00:00,1763712226.000000,13837.000000
2025-11-21T08:03:47+00:00,1763712227.000000,4047.000000
2025-11-21T08:03:48+00:00,1763712228.000000,266.000000
2025-11-21T08:03:49+00:00,1763712229.000000,584.000000
2025-11-21T08:03:50+00:00,1763712230.000000,275.000000
2025-11-21T08:03:51+00:00,1763712231.000000,1700.000000
2025-11-21T08:03:52+00:00,1763712232.000000,6528.000000
2025-11-21T08:03:53+00:00,1763712233.000000,1270.000000
2025-11-21T08:03:54+00:00,1763712234.000000,327.000000
2025-11-21T08:03:55+00:00,1763712235.000000,360.000000
2025-11-21T08:03:56+00:00,1763712236.000000,805.000000
2025-11-21T08:03:57+00:00,1763712237.000000,240.000000
2025-11-21T08:03:58+00:00,1763712238.000000,240.000000
2025-11-21T08:03:59+00:00,1763712239.000000,632.000000
2025-11-21T08:04:00+00:00,1763712240.000000,298.000000
2025-11-21T08:04:01+00:00,1763712241.000000,376.000000
2025-11-21T08:04:02+00:00,1763712242.000000,240.000000
2025-11-21T08:04:03+00:00,1763712243.000000,180.000000
2025-11-21T08:04:04+00:00,1763712244.000000,484.000000
2025-11-21T08:04:06+00:00,1763712246.000000,673.000000
2025-11-21T08:04:07+00:00,1763712247.000000,428.000000
2025-11-21T08:04:08+00:00,1763712248.000000,300.000000
2025-11-21T08:04:09+00:00,1763712249.000000,478.000000
2025-11-21T08:04:10+00:00,1763712250.000000,300.000000
2025-11-21T08:04:11+00:00,1763712251.000000,480.000000
2025-11-21T08:04:12+00:00,1763712252.000000,685.000000
2025-11-21T08:04:13+00:00,1763712253.000000,609.000000
2025-11-21T08:04:14+00:00,1763712254.000000,687.000000
2025-11-21T08:04:15+00:00,1763712255.000000,180.000000
2025-11-21T08:04:16+00:00,1763712256.000000,877.000000
2025-11-21T08:04:17+00:00,1763712257.000000,15318.000000
2025-11-21T08:04:18+00:00,1763712258.000000,35335.000000
2025-11-21T08:04:19+00:00,1763712259.000000,1009.000000
2025-11-21T08:04:20+00:00,1763712260.000000,882.000000
2025-11-21T08:04:21+00:00,1763712261.000000,240.000000
2025-11-21T08:04:22+00:00,1763712262.000000,274.000000
2025-11-21T08:04:23+00:00,1763712263.000000,240.000000
2025-11-21T08:04:24+00:00,1763712264.000000,244.000000
2025-11-21T08:04:25+00:00,1763712265.000000,1040.000000
2025-11-21T08:04:26+00:00,1763712266.000000,4003.000000
2025-11-21T08:04:27+00:00,1763712267.000000,784.000000
2025-11-21T08:04:28+00:00,1763712268.000000,60.000000
2025-11-21T08:04:29+00:00,1763712269.000000,17936.000000
2025-11-21T08:04:30+00:00,1763712270.000000,872.000000
2025-11-21T08:04:31+00:00,1763712271.000000,248.000000
2025-11-21T08:04:32+00:00,1763712272.000000,713.000000
2025-11-21T08:04:33+00:00,1763712273.000000,372.000000
2025-11-21T08:04:34+00:00,1763712274.000000,120.000000
2025-11-21T08:04:35+00:00,1763712275.000000,257.000000
2025-11-21T08:04:36+00:00,1763712276.000000,120.000000
2025-11-21T08:04:37+00:00,1763712277.000000,180.000000
2025-11-21T08:04:38+00:00,1763712278.000000,125.000000
2025-11-21T08:04:39+00:00,1763712279.000000,185.000000
2025-11-21T08:04:40+00:00,1763712280.000000,230.000000
2025-11-21T08:04:41+00:00,1763712281.000000,1167.000000
2025-11-21T08:04:42+00:00,1763712282.000000,449.000000
2025-11-21T08:04:43+00:00,1763712283.000000,360.000000
2025-11-21T08:04:44+00:00,1763712284.000000,609.000000
2025-11-21T08:04:45+00:00,1763712285.000000,3720.000000
2025-11-21T08:04:46+00:00,1763712286.000000,1733.000000
2025-11-21T08:04:47+00:00,1763712287.000000,12740.000000
2025-11-21T08:04:48+00:00,1763712288.000000,18979.000000
2025-11-21T08:04:49+00:00,1763712289.000000,20348.000000
2025-11-21T08:04:50+00:00,1763712290.000000,529.000000
2025-11-21T08:04:51+00:00,1763712291.000000,994.000000
2025-11-21T08:04:52+00:00,1763712292.000000,660.000000
2025-11-21T08:04:53+00:00,1763712293.000000,1453.000000
2025-11-21T08:04:54+00:00,1763712294.000000,114876.000000
2025-11-21T08:04:55+00:00,1763712295.000000,896.000000
2025-11-21T08:04:56+00:00,1763712296.000000,14322.000000
2025-11-21T08:04:57+00:00,1763712297.000000,385802.000000
2025-11-21T08:04:58+00:00,1763712298.000000,2528281.000000
2025-11-21T08:04:59+00:00,1763712299.000000,77606.000000
2025-11-21T08:05:00+00:00,1763712300.000000,391.000000
2025-11-21T08:05:01+00:00,1763712301.000000,18797.000000
2025-11-21T08:05:02+00:00,1763712302.000000,2767.000000
2025-11-21T08:05:03+00:00,1763712303.000000,14246.000000
2025-11-21T08:05:04+00:00,1763712304.000000,133722.000000
2025-11-21T08:05:05+00:00,1763712305.000000,74240.000000
2025-11-21T08:05:06+00:00,1763712306.000000,21058.000000
2025-11-21T08:05:07+00:00,1763712307.000000,7385.000000
2025-11-21T08:05:08+00:00,1763712308.000000,17782.000000
2025-11-21T08:05:09+00:00,1763712309.000000,41319.000000
2025-11-21T08:05:10+00:00,1763712310.000000,425.000000
2025-11-21T08:05:11+00:00,1763712311.000000,726793.000000
2025-11-21T08:05:12+00:00,1763712312.000000,480585.000000
2025-11-21T08:05:13+00:00,1763712313.000000,300704.000000
2025-11-21T08:05:14+00:00,1763712314.000000,1595.000000
2025-11-21T08:05:15+00:00,1763712315.000000,4271.000000
2025-11-21T08:05:16+00:00,1763712316.000000,76402.000000
2025-11-21T08:05:17+00:00,1763712317.000000,4133.000000
2025-11-21T08:05:18+00:00,1763712318.000000,2911.000000
2025-11-21T08:05:19+00:00,1763712319.000000,13234.000000
2025-11-21T08:05:20+00:00,1763712320.000000,53516.000000
2025-11-21T08:05:21+00:00,1763712321.000000,9595.000000
2025-11-21T08:05:22+00:00,1763712322.000000,2569.000000
2025-11-21T08:05:23+00:00,1763712323.000000,46735.000000
2025-11-21T08:05:24+00:00,1763712324.000000,3944.000000
2025-11-21T08:05:25+00:00,1763712325.000000,14205.000000
2025-11-21T08:05:26+00:00,1763712326.000000,14560.000000
2025-11-21T08:05:27+00:00,1763712327.000000,5746.000000
2025-11-21T08:05:28+00:00,1763712328.000000,84095.000000
2025-11-21T08:05:29+00:00,1763712329.000000,66584.000000
2025-11-21T08:05:30+00:00,1763712330.000000,1098.000000
2025-11-21T08:05:31+00:00,1763712331.000000,419.000000
2025-11-21T08:05:32+00:00,1763712332.000000,480.000000
2025-11-21T08:05:33+00:00,1763712333.000000,511.000000
2025-11-21T08:05:34+00:00,1763712334.000000,718.000000
2025-11-21T08:05:35+00:00,1763712335.000000,488.000000
2025-11-21T08:05:36+00:00,1763712336.000000,19798.000000
2025-11-21T08:05:37+00:00,1763712337.000000,9950.000000
2025-11-21T08:05:38+00:00,1763712338.000000,1554.000000
2025-11-21T08:05:39+00:00,1763712339.000000,290.000000
2025-11-21T08:05:40+00:00,1763712340.000000,867.000000
2025-11-21T08:05:41+00:00,1763712341.000000,16713.000000
2025-11-21T08:05:42+00:00,1763712342.000000,9691.000000
2025-11-21T08:05:43+00:00,1763712343.000000,15802.000000
2025-11-21T08:05:44+00:00,1763712344.000000,13408.000000
2025-11-21T08:05:45+00:00,1763712345.000000,4518.000000
2025-11-21T08:05:46+00:00,1763712346.000000,421.000000
2025-11-21T08:05:47+00:00,1763712347.000000,13259.000000
2025-11-21T08:05:48+00:00,1763712348.000000,2557.000000
2025-11-21T08:05:49+00:00,1763712349.000000,418.000000
2025-11-21T08:05:50+00:00,1763712350.000000,16920.000000
2025-11-21T08:05:51+00:00,1763712351.000000,3307.000000
2025-11-21T08:05:52+00:00,1763712352.000000,834.000000
2025-11-21T08:05:53+00:00,1763712353.000000,600.000000
2025-11-21T08:05:54+00:00,1763712354.000000,483.000000
2025-11-21T08:05:55+00:00,1763712355.000000,545.000000
2025-11-21T08:05:56+00:00,1763712356.000000,743.000000
2025-11-21T08:05:57+00:00,1763712357.000000,493.000000
2025-11-21T08:05:58+00:00,1763712358.000000,1875.000000
2025-11-21T08:05:59+00:00,1763712359.000000,9912.000000
2025-11-21T08:06:00+00:00,1763712360.000000,639.000000
2025-11-21T08:06:01+00:00,1763712361.000000,16636.000000
2025-11-21T08:06:02+00:00,1763712362.000000,2228.000000
2025-11-21T08:06:03+00:00,1763712363.000000,786.000000
2025-11-21T08:06:05+00:00,1763712365.000000,480.000000
2025-11-21T08:06:06+00:00,1763712366.000000,480.000000
2025-11-21T08:06:07+00:00,1763712367.000000,586.000000
2025-11-21T08:06:08+00:00,1763712368.000000,540.000000
2025-11-21T08:06:09+00:00,1763712369.000000,180.000000
2025-11-21T08:06:10+00:00,1763712370.000000,467.000000
2025-11-21T08:06:11+00:00,1763712371.000000,244.000000
2025-11-21T08:06:12+00:00,1763712372.000000,60.000000
2025-11-21T08:06:13+00:00,1763712373.000000,125.000000
2025-11-21T08:06:14+00:00,1763712374.000000,8630.000000
2025-11-21T08:06:15+00:00,1763712375.000000,4038.000000
2025-11-21T08:06:16+00:00,1763712376.000000,4109.000000
2025-11-21T08:06:17+00:00,1763712377.000000,1238.000000
2025-11-21T08:06:18+00:00,1763712378.000000,728.000000
2025-11-21T08:06:19+00:00,1763712379.000000,13726.000000
2025-11-21T08:06:20+00:00,1763712380.000000,2298.000000
2025-11-21T08:06:21+00:00,1763712381.000000,11409.000000
2025-11-21T08:06:22+00:00,1763712382.000000,70418.000000
2025-11-21T08:06:23+00:00,1763712383.000000,892.000000
2025-11-21T08:06:24+00:00,1763712384.000000,1128.000000
2025-11-21T08:06:25+00:00,1763712385.000000,545.000000
2025-11-21T08:06:26+00:00,1763712386.000000,631.000000
2025-11-21T08:06:27+00:00,1763712387.000000,615.000000
2025-11-21T08:06:28+00:00,1763712388.000000,1275.000000
2025-11-21T08:06:29+00:00,1763712389.000000,18019.000000
2025-11-21T08:06:30+00:00,1763712390.000000,60.000000
2025-11-21T08:06:31+00:00,1763712391.000000,205.000000
2025-11-21T08:06:32+00:00,1763712392.000000,8185.000000
2025-11-21T08:06:33+00:00,1763712393.000000,4348.000000
2025-11-21T08:06:34+00:00,1763712394.000000,365.000000
2025-11-21T08:06:35+00:00,1763712395.000000,547.000000
2025-11-21T08:06:37+00:00,1763712397.000000,364.000000
2025-11-21T08:06:38+00:00,1763712398.000000,420.000000
2025-11-21T08:06:39+00:00,1763712399.000000,125.000000
2025-11-21T08:06:40+00:00,1763712400.000000,535.000000
2025-11-21T08:06:41+00:00,1763712401.000000,304.000000
2025-11-21T08:06:42+00:00,1763712402.000000,787.000000
2025-11-21T08:06:43+00:00,1763712403.000000,976.000000
2025-11-21T08:06:44+00:00,1763712404.000000,793.000000
2025-11-21T08:06:45+00:00,1763712405.000000,391.000000
2025-11-21T08:06:46+00:00,1763712406.000000,1082.000000
2025-11-21T08:06:47+00:00,1763712407.000000,291.000000
2025-11-21T08:06:48+00:00,1763712408.000000,611.000000
2025-11-21T08:06:49+00:00,1763712409.000000,420.000000
2025-11-21T08:06:50+00:00,1763712410.000000,2356.000000
2025-11-21T08:06:51+00:00,1763712411.000000,180.000000
2025-11-21T08:06:52+00:00,1763712412.000000,15640.000000
2025-11-21T08:06:53+00:00,1763712413.000000,19948.000000
2025-11-21T08:06:54+00:00,1763712414.000000,554.000000
2025-11-21T08:06:55+00:00,1763712415.000000,420.000000
2025-11-21T08:06:56+00:00,1763712416.000000,358.000000
2025-11-21T08:06:57+00:00,1763712417.000000,637.000000
2025-11-21T08:06:58+00:00,1763712418.000000,840.000000
2025-11-21T08:06:59+00:00,1763712419.000000,286.000000
2025-11-21T08:07:00+00:00,1763712420.000000,1150.000000
2025-11-21T08:07:01+00:00,1763712421.000000,424.000000
2025-11-21T08:07:02+00:00,1763712422.000000,487.000000
2025-11-21T08:08:00+00:00,1763712480.000000,1413.000000
2025-11-21T08:08:01+00:00,1763712481.000000,1619.000000
2025-11-21T08:08:02+00:00,1763712482.000000,1929.000000
2025-11-21T08:08:03+00:00,1763712483.000000,1183.000000
2025-11-21T08:08:04+00:00,1763712484.000000,3298.000000
2025-11-21T08:08:05+00:00,1763712485.000000,471.000000
2025-11-21T08:08:06+00:00,1763712486.000000,120.000000
2025-11-21T08:08:07+00:00,1763712487.000000,11331.000000
2025-11-21T08:08:08+00:00,1763712488.000000,584.000000
2025-11-21T08:08:09+00:00,1763712489.000000,429.000000
2025-11-21T08:08:10+00:00,1763712490.000000,192.000000
2025-11-21T08:08:11+00:00,1763712491.000000,267.000000
2025-11-21T08:08:12+00:00,1763712492.000000,60.000000
2025-11-21T08:08:13+00:00,1763712493.000000,1030.000000
2025-11-21T08:08:14+00:00,1763712494.000000,370.000000
2025-11-21T08:08:15+00:00,1763712495.000000,60.000000
2025-11-21T08:08:16+00:00,1763712496.000000,780.000000
2025-11-21T08:08:18+00:00,1763712498.000000,499.000000
2025-11-21T08:08:19+00:00,1763712499.000000,519.000000
2025-11-21T08:08:20+00:00,1763712500.000000,616.000000
2025-11-21T08:08:21+00:00,1763712501.000000,180.000000
2025-11-21T08:08:22+00:00,1763712502.000000,364.000000
2025-11-21T08:08:23+00:00,1763712503.000000,240.000000
2025-11-21T08:08:24+00:00,1763712504.000000,298.000000
2025-11-21T08:08:25+00:00,1763712505.000000,22590.000000
2025-11-21T08:08:26+00:00,1763712506.000000,37122.000000
2025-11-21T08:08:27+00:00,1763712507.000000,1255.000000
2025-11-21T08:08:28+00:00,1763712508.000000,5274.000000
2025-11-21T08:08:29+00:00,1763712509.000000,1896.000000
2025-11-21T08:08:30+00:00,1763712510.000000,16771.000000
2025-11-21T08:08:31+00:00,1763712511.000000,9821.000000
2025-11-21T08:08:32+00:00,1763712512.000000,215.000000
2025-11-21T08:08:33+00:00,1763712513.000000,5511.000000
2025-11-21T08:08:34+00:00,1763712514.000000,802.000000
2025-11-21T08:08:35+00:00,1763712515.000000,8134.000000
2025-11-21T08:08:36+00:00,1763712516.000000,817.000000
2025-11-21T08:08:37+00:00,1763712517.000000,780.000000
2025-11-21T08:08:38+00:00,1763712518.000000,8291.000000
2025-11-21T08:08:39+00:00,1763712519.000000,766.000000
2025-11-21T08:08:40+00:00,1763712520.000000,292.000000
2025-11-21T08:08:41+00:00,1763712521.000000,6532.000000
2025-11-21T08:08:42+00:00,1763712522.000000,618.000000
2025-11-21T08:08:43+00:00,1763712523.000000,7434.000000
2025-11-21T08:08:44+00:00,1763712524.000000,254.000000
2025-11-21T08:08:45+00:00,1763712525.000000,8292.000000
2025-11-21T08:08:46+00:00,1763712526.000000,156.000000
2025-11-21T08:08:47+00:00,1763712527.000000,299.000000
2025-11-21T08:08:48+00:00,1763712528.000000,5149.000000
2025-11-21T08:08:49+00:00,1763712529.000000,916.000000
2025-11-21T08:08:50+00:00,1763712530.000000,9929.000000
2025-11-21T08:08:51+00:00,1763712531.000000,597.000000
2025-11-21T08:08:52+00:00,1763712532.000000,5211.000000
2025-11-21T08:08:53+00:00,1763712533.000000,990.000000
2025-11-21T08:08:54+00:00,1763712534.000000,10130.000000
2025-11-21T08:08:55+00:00,1763712535.000000,860.000000
2025-11-21T08:08:56+00:00,1763712536.000000,9965.000000
2025-11-21T08:08:57+00:00,1763712537.000000,33098.000000
2025-11-21T08:08:58+00:00,1763712538.000000,1799.000000
2025-11-21T08:08:59+00:00,1763712539.000000,3229.000000
2025-11-21T08:09:00+00:00,1763712540.000000,5702.000000
2025-11-21T08:09:01+00:00,1763712541.000000,312.000000
2025-11-21T08:09:02+00:00,1763712542.000000,7456.000000
2025-11-21T08:09:03+00:00,1763712543.000000,1366.000000
2025-11-21T08:09:04+00:00,1763712544.000000,1375.000000
2025-11-21T08:09:05+00:00,1763712545.000000,5360.000000
2025-11-21T08:09:06+00:00,1763712546.000000,1983.000000
2025-11-21T08:09:07+00:00,1763712547.000000,19105.000000
2025-11-21T08:09:08+00:00,1763712548.000000,2514.000000
2025-11-21T08:09:09+00:00,1763712549.000000,1883.000000
2025-11-21T08:09:10+00:00,1763712550.000000,9571.000000
2025-11-21T08:09:11+00:00,1763712551.000000,17666.000000
2025-11-21T08:09:12+00:00,1763712552.000000,6281.000000
2025-11-21T08:09:13+00:00,1763712553.000000,19950.000000
2025-11-21T08:09:14+00:00,1763712554.000000,3692.000000
2025-11-21T08:09:15+00:00,1763712555.000000,23666.000000
2025-11-21T08:09:16+00:00,1763712556.000000,4974.000000
2025-11-21T08:09:17+00:00,1763712557.000000,9004.000000
2025-11-21T08:09:18+00:00,1763712558.000000,9083.000000
2025-11-21T08:09:19+00:00,1763712559.000000,928.000000
2025-11-21T08:09:20+00:00,1763712560.000000,875.000000
2025-11-21T08:09:21+00:00,1763712561.000000,5177.000000
2025-11-21T08:09:23+00:00,1763712563.000000,5296.000000
2025-11-21T08:09:24+00:00,1763712564.000000,791.000000
2025-11-21T08:09:25+00:00,1763712565.000000,185.000000
2025-11-21T08:09:26+00:00,1763712566.000000,7690.000000
2025-11-21T08:09:27+00:00,1763712567.000000,11624.000000
2025-11-21T08:09:28+00:00,1763712568.000000,25527.000000
2025-11-21T08:09:29+00:00,1763712569.000000,16553.000000
2025-11-21T08:09:30+00:00,1763712570.000000,11336.000000
2025-11-21T08:09:31+00:00,1763712571.000000,5575.000000
2025-11-21T08:09:32+00:00,1763712572.000000,1679.000000
2025-11-21T08:09:33+00:00,1763712573.000000,10390.000000
2025-11-21T08:09:34+00:00,1763712574.000000,19260.000000
2025-11-21T08:09:35+00:00,1763712575.000000,8475.000000
2025-11-21T08:09:36+00:00,1763712576.000000,2116.000000
2025-11-21T08:09:37+00:00,1763712577.000000,304.000000
2025-11-21T08:09:38+00:00,1763712578.000000,5240.000000
2025-11-21T08:09:39+00:00,1763712579.000000,1564.000000
2025-11-21T08:09:40+00:00,1763712580.000000,594.000000
2025-11-21T08:09:41+00:00,1763712581.000000,300.000000
2025-11-21T08:09:42+00:00,1763712582.000000,360.000000
2025-11-21T08:09:43+00:00,1763712583.000000,795.000000
2025-11-21T08:09:44+00:00,1763712584.000000,1399.000000
2025-11-21T08:09:45+00:00,1763712585.000000,60.000000
2025-11-21T08:09:46+00:00,1763712586.000000,118.000000
2025-11-21T08:09:47+00:00,1763712587.000000,22897.000000
2025-11-21T08:09:48+00:00,1763712588.000000,6779.000000
2025-11-21T08:09:49+00:00,1763712589.000000,13407.000000
2025-11-21T08:09:50+00:00,1763712590.000000,978.000000
2025-11-21T08:09:51+00:00,1763712591.000000,240.000000
2025-11-21T08:09:52+00:00,1763712592.000000,240.000000
2025-11-21T08:09:53+00:00,1763712593.000000,780.000000
2025-11-21T08:09:54+00:00,1763712594.000000,492.000000
2025-11-21T08:09:55+00:00,1763712595.000000,238.000000
2025-11-21T08:09:56+00:00,1763712596.000000,485.000000
2025-11-21T08:09:57+00:00,1763712597.000000,2955.000000
2025-11-21T08:09:58+00:00,1763712598.000000,17809.000000
2025-11-21T08:09:59+00:00,1763712599.000000,33191.000000
2025-11-21T08:10:00+00:00,1763712600.000000,39127.000000
2025-11-21T08:10:01+00:00,1763712601.000000,41629.000000
2025-11-21T08:10:02+00:00,1763712602.000000,376.000000
2025-11-21T08:10:04+00:00,1763712604.000000,2615.000000
2025-11-21T08:10:05+00:00,1763712605.000000,1228.000000
2025-11-21T08:10:06+00:00,1763712606.000000,7967.000000
2025-11-21T08:10:07+00:00,1763712607.000000,2784.000000
2025-11-21T08:10:08+00:00,1763712608.000000,2906.000000
2025-11-21T08:10:09+00:00,1763712609.000000,8549.000000
2025-11-21T08:10:10+00:00,1763712610.000000,4784.000000
2025-11-21T08:10:11+00:00,1763712611.000000,6363.000000
2025-11-21T08:10:12+00:00,1763712612.000000,1283.000000
2025-11-21T08:10:13+00:00,1763712613.000000,9046.000000
2025-11-21T08:10:14+00:00,1763712614.000000,999.000000
2025-11-21T08:10:15+00:00,1763712615.000000,318.000000
2025-11-21T08:10:16+00:00,1763712616.000000,6524.000000
2025-11-21T08:10:17+00:00,1763712617.000000,396.000000
2025-11-21T08:10:18+00:00,1763712618.000000,7268.000000
2025-11-21T08:10:19+00:00,1763712619.000000,649.000000
2025-11-21T08:10:20+00:00,1763712620.000000,1765.000000
2025-11-21T08:10:21+00:00,1763712621.000000,8285.000000
2025-11-21T08:10:22+00:00,1763712622.000000,6096.000000
2025-11-21T08:10:23+00:00,1763712623.000000,8589.000000
2025-11-21T08:10:24+00:00,1763712624.000000,1270.000000
2025-11-21T08:10:25+00:00,1763712625.000000,353.000000
2025-11-21T08:10:26+00:00,1763712626.000000,5147.000000
2025-11-21T08:10:27+00:00,1763712627.000000,3570.000000
2025-11-21T08:10:28+00:00,1763712628.000000,91202.000000
2025-11-21T08:10:29+00:00,1763712629.000000,13907.000000
2025-11-21T08:10:30+00:00,1763712630.000000,36626.000000
2025-11-21T08:10:31+00:00,1763712631.000000,830.000000
2025-11-21T08:10:32+00:00,1763712632.000000,5035.000000
2025-11-21T08:10:33+00:00,1763712633.000000,212.000000
2025-11-21T08:10:34+00:00,1763712634.000000,5298.000000
2025-11-21T08:10:35+00:00,1763712635.000000,946.000000
2025-11-21T08:10:36+00:00,1763712636.000000,7722.000000
2025-11-21T08:10:37+00:00,1763712637.000000,5054.000000
2025-11-21T08:10:38+00:00,1763712638.000000,240.000000
2025-11-21T08:10:39+00:00,1763712639.000000,5516.000000
2025-11-21T08:10:40+00:00,1763712640.000000,624.000000
2025-11-21T08:10:41+00:00,1763712641.000000,7720.000000
2025-11-21T08:10:42+00:00,1763712642.000000,1035.000000
2025-11-21T08:10:43+00:00,1763712643.000000,841.000000
2025-11-21T08:10:44+00:00,1763712644.000000,16579.000000
2025-11-21T08:10:45+00:00,1763712645.000000,789.000000
2025-11-21T08:10:46+00:00,1763712646.000000,5271.000000
2025-11-21T08:10:47+00:00,1763712647.000000,1624.000000
2025-11-21T08:10:48+00:00,1763712648.000000,8519.000000
2025-11-21T08:10:49+00:00,1763712649.000000,1988.000000
2025-11-21T08:10:50+00:00,1763712650.000000,942.000000
2025-11-21T08:10:51+00:00,1763712651.000000,5514.000000
2025-11-21T08:10:52+00:00,1763712652.000000,1650.000000
2025-11-21T08:10:53+00:00,1763712653.000000,453.000000
2025-11-21T08:10:54+00:00,1763712654.000000,203.000000
2025-11-21T08:10:55+00:00,1763712655.000000,746.000000
2025-11-21T08:10:56+00:00,1763712656.000000,385.000000
2025-11-21T08:10:57+00:00,1763712657.000000,2923.000000
2025-11-21T08:10:58+00:00,1763712658.000000,1084.000000
2025-11-21T08:10:59+00:00,1763712659.000000,13862.000000
2025-11-21T08:11:00+00:00,1763712660.000000,19742.000000
2025-11-21T08:11:01+00:00,1763712661.000000,74684.000000
2025-11-21T08:11:02+00:00,1763712662.000000,2370.000000
2025-11-21T08:11:03+00:00,1763712663.000000,178.000000
2025-11-21T08:11:04+00:00,1763712664.000000,8296.000000
2025-11-21T08:11:05+00:00,1763712665.000000,1051.000000
2025-11-21T08:11:06+00:00,1763712666.000000,146.000000
2025-11-21T08:11:07+00:00,1763712667.000000,7640.000000
2025-11-21T08:11:08+00:00,1763712668.000000,852.000000
2025-11-21T08:11:09+00:00,1763712669.000000,480.000000
2025-11-21T08:11:10+00:00,1763712670.000000,4971.000000
2025-11-21T08:11:11+00:00,1763712671.000000,708.000000
2025-11-21T08:11:12+00:00,1763712672.000000,7746.000000
2025-11-21T08:11:13+00:00,1763712673.000000,1204.000000
2025-11-21T08:11:14+00:00,1763712674.000000,544.000000
2025-11-21T08:11:15+00:00,1763712675.000000,8052.000000
2025-11-21T08:11:16+00:00,1763712676.000000,824.000000
2025-11-21T08:11:17+00:00,1763712677.000000,673.000000
2025-11-21T08:11:18+00:00,1763712678.000000,5373.000000
2025-11-21T08:11:19+00:00,1763712679.000000,414.000000
2025-11-21T08:11:20+00:00,1763712680.000000,7686.000000
2025-11-21T08:11:21+00:00,1763712681.000000,758.000000
2025-11-21T08:11:22+00:00,1763712682.000000,422.000000
2025-11-21T08:11:23+00:00,1763712683.000000,5091.000000
2025-11-21T08:11:24+00:00,1763712684.000000,516.000000
2025-11-21T08:11:25+00:00,1763712685.000000,5374.000000
2025-11-21T08:11:26+00:00,1763712686.000000,299.000000
2025-11-21T08:11:27+00:00,1763712687.000000,7657.000000
2025-11-21T08:11:28+00:00,1763712688.000000,862.000000
2025-11-21T08:11:29+00:00,1763712689.000000,240.000000
2025-11-21T08:11:30+00:00,1763712690.000000,5518.000000
2025-11-21T08:11:31+00:00,1763712691.000000,11048.000000
2025-11-21T08:11:32+00:00,1763712692.000000,32638.000000
2025-11-21T08:11:33+00:00,1763712693.000000,2359.000000
2025-11-21T08:11:34+00:00,1763712694.000000,428.000000
2025-11-21T08:11:35+00:00,1763712695.000000,8116.000000
2025-11-21T08:11:36+00:00,1763712696.000000,457.000000
2025-11-21T08:11:37+00:00,1763712697.000000,604.000000
2025-11-21T08:11:38+00:00,1763712698.000000,5663.000000
2025-11-21T08:11:39+00:00,1763712699.000000,724.000000
2025-11-21T08:11:40+00:00,1763712700.000000,5682.000000
2025-11-21T08:11:41+00:00,1763712701.000000,1868.000000
2025-11-21T08:11:42+00:00,1763712702.000000,8330.000000
2025-11-21T08:11:43+00:00,1763712703.000000,991.000000
2025-11-21T08:11:44+00:00,1763712704.000000,240.000000
2025-11-21T08:11:45+00:00,1763712705.000000,5151.000000
2025-11-21T08:11:46+00:00,1763712706.000000,212.000000
2025-11-21T08:11:47+00:00,1763712707.000000,5151.000000
2025-11-21T08:11:48+00:00,1763712708.000000,733.000000
2025-11-21T08:11:49+00:00,1763712709.000000,5568.000000
2025-11-21T08:11:50+00:00,1763712710.000000,944.000000
2025-11-21T08:11:52+00:00,1763712712.000000,5420.000000
2025-11-21T08:11:53+00:00,1763712713.000000,600.000000
2025-11-21T08:11:54+00:00,1763712714.000000,4971.000000
2025-11-21T08:11:55+00:00,1763712715.000000,371.000000
2025-11-21T08:11:56+00:00,1763712716.000000,4949.000000
2025-11-21T08:11:57+00:00,1763712717.000000,756.000000
2025-11-21T08:11:58+00:00,1763712718.000000,924.000000
2025-11-21T08:11:59+00:00,1763712719.000000,7543.000000
2025-11-21T08:12:01+00:00,1763712721.000000,3201.000000
2025-11-21T08:12:02+00:00,1763712722.000000,9220.000000
2025-11-21T08:12:03+00:00,1763712723.000000,50662.000000
2025-11-21T08:12:04+00:00,1763712724.000000,1630.000000
2025-11-21T08:12:05+00:00,1763712725.000000,433.000000
2025-11-21T08:12:06+00:00,1763712726.000000,5796.000000
2025-11-21T08:12:07+00:00,1763712727.000000,1712.000000
2025-11-21T08:12:08+00:00,1763712728.000000,19049.000000
2025-11-21T08:12:09+00:00,1763712729.000000,1354.000000
2025-11-21T08:12:10+00:00,1763712730.000000,17748.000000
2025-11-21T08:12:11+00:00,1763712731.000000,3542.000000
2025-11-21T08:12:12+00:00,1763712732.000000,10075.000000
2025-11-21T08:12:13+00:00,1763712733.000000,12849.000000
2025-11-21T08:12:14+00:00,1763712734.000000,4481.000000
2025-11-21T08:12:15+00:00,1763712735.000000,7033.000000
2025-11-21T08:12:16+00:00,1763712736.000000,20795.000000
2025-11-21T08:12:17+00:00,1763712737.000000,5366.000000
2025-11-21T08:12:18+00:00,1763712738.000000,1883.000000
2025-11-21T08:12:19+00:00,1763712739.000000,5243.000000
2025-11-21T08:12:20+00:00,1763712740.000000,180.000000
2025-11-21T08:12:21+00:00,1763712741.000000,5267.000000
2025-11-21T08:12:22+00:00,1763712742.000000,781.000000
2025-11-21T08:12:23+00:00,1763712743.000000,1024.000000
2025-11-21T08:12:24+00:00,1763712744.000000,7706.000000
2025-11-21T08:12:25+00:00,1763712745.000000,905.000000
2025-11-21T08:12:26+00:00,1763712746.000000,5343.000000
2025-11-21T08:12:27+00:00,1763712747.000000,776.000000
2025-11-21T08:12:28+00:00,1763712748.000000,5271.000000
2025-11-21T08:12:29+00:00,1763712749.000000,551.000000
2025-11-21T08:12:30+00:00,1763712750.000000,24326.000000
2025-11-21T08:12:31+00:00,1763712751.000000,922.000000
2025-11-21T08:12:32+00:00,1763712752.000000,11782.000000
2025-11-21T08:12:33+00:00,1763712753.000000,36557.000000
2025-11-21T08:12:34+00:00,1763712754.000000,2235.000000
2025-11-21T08:12:35+00:00,1763712755.000000,2157.000000
2025-11-21T08:12:36+00:00,1763712756.000000,13952.000000
2025-11-21T08:12:37+00:00,1763712757.000000,1514.000000
2025-11-21T08:12:38+00:00,1763712758.000000,644.000000
2025-11-21T08:12:39+00:00,1763712759.000000,5302.000000
2025-11-21T08:12:40+00:00,1763712760.000000,532.000000
2025-11-21T08:12:41+00:00,1763712761.000000,5733.000000
2025-11-21T08:12:42+00:00,1763712762.000000,1172.000000
2025-11-21T08:12:43+00:00,1763712763.000000,7556.000000
2025-11-21T08:12:44+00:00,1763712764.000000,551.000000
2025-11-21T08:12:45+00:00,1763712765.000000,124.000000
2025-11-21T08:12:46+00:00,1763712766.000000,8457.000000
2025-11-21T08:12:47+00:00,1763712767.000000,14116.000000
2025-11-21T08:12:48+00:00,1763712768.000000,240.000000
2025-11-21T08:12:49+00:00,1763712769.000000,5284.000000
2025-11-21T08:12:50+00:00,1763712770.000000,2910.000000
2025-11-21T08:12:51+00:00,1763712771.000000,6506.000000
2025-11-21T08:12:52+00:00,1763712772.000000,452.000000
2025-11-21T08:12:53+00:00,1763712773.000000,5397.000000
2025-11-21T08:12:54+00:00,1763712774.000000,805.000000
2025-11-21T08:12:55+00:00,1763712775.000000,4970.000000
2025-11-21T08:12:56+00:00,1763712776.000000,674.000000
2025-11-21T08:12:57+00:00,1763712777.000000,424.000000
2025-11-21T08:12:58+00:00,1763712778.000000,7678.000000
2025-11-21T08:12:59+00:00,1763712779.000000,419.000000
2025-11-21T08:13:00+00:00,1763712780.000000,6466.000000
2025-11-21T08:13:01+00:00,1763712781.000000,210.000000
2025-11-21T08:13:02+00:00,1763712782.000000,27966.000000
2025-11-21T08:13:03+00:00,1763712783.000000,1424.000000
2025-11-21T08:13:04+00:00,1763712784.000000,23099.000000
2025-11-21T08:13:05+00:00,1763712785.000000,21726.000000
2025-11-21T08:13:06+00:00,1763712786.000000,576.000000
2025-11-21T08:13:07+00:00,1763712787.000000,120.000000
2025-11-21T08:13:08+00:00,1763712788.000000,7566.000000
2025-11-21T08:13:09+00:00,1763712789.000000,1429.000000
2025-11-21T08:13:10+00:00,1763712790.000000,180796.000000
2025-11-21T08:13:11+00:00,1763712791.000000,8323.000000
2025-11-21T08:13:12+00:00,1763712792.000000,652.000000
2025-11-21T08:13:13+00:00,1763712793.000000,2710.000000
2025-11-21T08:13:14+00:00,1763712794.000000,594.000000
2025-11-21T08:13:15+00:00,1763712795.000000,44540.000000
2025-11-21T08:13:16+00:00,1763712796.000000,1368.000000
2025-11-21T08:13:17+00:00,1763712797.000000,8647.000000
2025-11-21T08:13:18+00:00,1763712798.000000,796.000000
2025-11-21T08:13:19+00:00,1763712799.000000,5301.000000
2025-11-21T08:13:20+00:00,1763712800.000000,856.000000
2025-11-21T08:13:21+00:00,1763712801.000000,5210.000000
2025-11-21T08:13:22+00:00,1763712802.000000,734.000000
2025-11-21T08:13:23+00:00,1763712803.000000,5151.000000
2025-11-21T08:13:24+00:00,1763712804.000000,332.000000
2025-11-21T08:13:25+00:00,1763712805.000000,7692.000000
2025-11-21T08:13:26+00:00,1763712806.000000,524.000000
2025-11-21T08:13:27+00:00,1763712807.000000,327.000000
2025-11-21T08:13:28+00:00,1763712808.000000,7992.000000
2025-11-21T08:13:29+00:00,1763712809.000000,851.000000
2025-11-21T08:13:30+00:00,1763712810.000000,10612.000000
2025-11-21T08:13:31+00:00,1763712811.000000,5390.000000
2025-11-21T08:13:32+00:00,1763712812.000000,446.000000
2025-11-21T08:13:33+00:00,1763712813.000000,7563.000000
2025-11-21T08:13:34+00:00,1763712814.000000,671.000000
2025-11-21T08:13:35+00:00,1763712815.000000,8451.000000
2025-11-21T08:13:36+00:00,1763712816.000000,29911.000000
2025-11-21T08:13:37+00:00,1763712817.000000,1436.000000
2025-11-21T08:13:38+00:00,1763712818.000000,5331.000000
2025-11-21T08:13:39+00:00,1763712819.000000,752.000000
2025-11-21T08:13:40+00:00,1763712820.000000,7748.000000
2025-11-21T08:13:41+00:00,1763712821.000000,791.000000
2025-11-21T08:13:42+00:00,1763712822.000000,600.000000
2025-11-21T08:13:43+00:00,1763712823.000000,7478.000000
2025-11-21T08:13:44+00:00,1763712824.000000,367.000000
2025-11-21T08:13:45+00:00,1763712825.000000,60.000000
2025-11-21T08:13:46+00:00,1763712826.000000,5579.000000
2025-11-21T08:13:47+00:00,1763712827.000000,304.000000
2025-11-21T08:13:48+00:00,1763712828.000000,5508.000000
2025-11-21T08:13:49+00:00,1763712829.000000,54.000000
2025-11-21T08:13:50+00:00,1763712830.000000,5815.000000
2025-11-21T08:13:51+00:00,1763712831.000000,60.000000
2025-11-21T08:13:52+00:00,1763712832.000000,5151.000000
2025-11-21T08:13:53+00:00,1763712833.000000,611.000000
2025-11-21T08:13:54+00:00,1763712834.000000,623.000000
2025-11-21T08:13:55+00:00,1763712835.000000,7538.000000
2025-11-21T08:13:56+00:00,1763712836.000000,60.000000
2025-11-21T08:13:57+00:00,1763712837.000000,5159.000000
2025-11-21T08:13:58+00:00,1763712838.000000,740.000000
2025-11-21T08:13:59+00:00,1763712839.000000,4907.000000
2025-11-21T08:14:00+00:00,1763712840.000000,1281.000000
2025-11-21T08:14:01+00:00,1763712841.000000,20405.000000
2025-11-21T08:14:02+00:00,1763712842.000000,29050.000000
2025-11-21T08:14:03+00:00,1763712843.000000,21031.000000
2025-11-21T08:14:04+00:00,1763712844.000000,41198.000000
2025-11-21T08:14:05+00:00,1763712845.000000,806.000000
2025-11-21T08:14:06+00:00,1763712846.000000,11789.000000
2025-11-21T08:14:07+00:00,1763712847.000000,42726.000000
2025-11-21T08:14:08+00:00,1763712848.000000,60.000000
2025-11-21T08:14:09+00:00,1763712849.000000,8981.000000
2025-11-21T08:14:10+00:00,1763712850.000000,436.000000
2025-11-21T08:14:11+00:00,1763712851.000000,180.000000
2025-11-21T08:14:12+00:00,1763712852.000000,4971.000000
2025-11-21T08:14:13+00:00,1763712853.000000,734.000000
2025-11-21T08:14:14+00:00,1763712854.000000,7568.000000
2025-11-21T08:14:15+00:00,1763712855.000000,671.000000
2025-11-21T08:14:16+00:00,1763712856.000000,60.000000
2025-11-21T08:14:17+00:00,1763712857.000000,6111.000000
2025-11-21T08:14:18+00:00,1763712858.000000,730.000000
2025-11-21T08:14:19+00:00,1763712859.000000,5031.000000
2025-11-21T08:14:20+00:00,1763712860.000000,212.000000
2025-11-21T08:14:21+00:00,1763712861.000000,7954.000000
2025-11-21T08:14:22+00:00,1763712862.000000,420.000000
2025-11-21T08:14:23+00:00,1763712863.000000,38742.000000
2025-11-21T08:14:24+00:00,1763712864.000000,31631.000000
2025-11-21T08:14:25+00:00,1763712865.000000,4412.000000
2025-11-21T08:14:26+00:00,1763712866.000000,462.000000
2025-11-21T08:14:27+00:00,1763712867.000000,5809.000000
2025-11-21T08:14:28+00:00,1763712868.000000,506.000000
2025-11-21T08:14:29+00:00,1763712869.000000,7618.000000
2025-11-21T08:14:30+00:00,1763712870.000000,526.000000
2025-11-21T08:14:31+00:00,1763712871.000000,120.000000
2025-11-21T08:14:32+00:00,1763712872.000000,6142.000000
2025-11-21T08:14:33+00:00,1763712873.000000,484.000000
2025-11-21T08:14:34+00:00,1763712874.000000,8052.000000
2025-11-21T08:14:35+00:00,1763712875.000000,576.000000
2025-11-21T08:14:36+00:00,1763712876.000000,675.000000
2025-11-21T08:14:37+00:00,1763712877.000000,13508.000000
2025-11-21T08:14:38+00:00,1763712878.000000,27893.000000
2025-11-21T08:14:39+00:00,1763712879.000000,8847.000000
2025-11-21T08:14:40+00:00,1763712880.000000,498.000000
2025-11-21T08:14:41+00:00,1763712881.000000,304.000000
2025-11-21T08:14:42+00:00,1763712882.000000,5243.000000
2025-11-21T08:14:44+00:00,1763712884.000000,364.000000
2025-11-21T08:14:45+00:00,1763712885.000000,5772.000000
2025-11-21T08:14:46+00:00,1763712886.000000,830.000000
2025-11-21T08:14:47+00:00,1763712887.000000,7434.000000
2025-11-21T08:14:48+00:00,1763712888.000000,1160.000000
2025-11-21T08:14:49+00:00,1763712889.000000,12421.000000
2025-11-21T08:14:50+00:00,1763712890.000000,5260.000000
2025-11-21T08:14:51+00:00,1763712891.000000,544.000000
2025-11-21T08:14:52+00:00,1763712892.000000,5373.000000
2025-11-21T08:14:53+00:00,1763712893.000000,762.000000
2025-11-21T08:14:54+00:00,1763712894.000000,5177.000000
2025-11-21T08:14:55+00:00,1763712895.000000,4570.000000
2025-11-21T08:14:56+00:00,1763712896.000000,10185.000000
2025-11-21T08:14:57+00:00,1763712897.000000,2042.000000
2025-11-21T08:14:58+00:00,1763712898.000000,519.000000
2025-11-21T08:14:59+00:00,1763712899.000000,13783.000000
2025-11-21T08:15:00+00:00,1763712900.000000,3722.000000
2025-11-21T08:15:01+00:00,1763712901.000000,5410.000000
2025-11-21T08:15:02+00:00,1763712902.000000,534.000000
2025-11-21T08:15:03+00:00,1763712903.000000,5278.000000
2025-11-21T08:15:04+00:00,1763712904.000000,368.000000
2025-11-21T08:15:05+00:00,1763712905.000000,4967.000000
2025-11-21T08:15:06+00:00,1763712906.000000,276.000000
2025-11-21T08:15:07+00:00,1763712907.000000,389.000000
2025-11-21T08:15:08+00:00,1763712908.000000,31640.000000
2025-11-21T08:15:09+00:00,1763712909.000000,19330.000000
2025-11-21T08:15:10+00:00,1763712910.000000,8385.000000
2025-11-21T08:15:11+00:00,1763712911.000000,7207.000000
2025-11-21T08:15:12+00:00,1763712912.000000,9724.000000
2025-11-21T08:15:13+00:00,1763712913.000000,459.000000
2025-11-21T08:15:14+00:00,1763712914.000000,1554.000000
2025-11-21T08:15:15+00:00,1763712915.000000,5211.000000
2025-11-21T08:15:16+00:00,1763712916.000000,605.000000
2025-11-21T08:15:17+00:00,1763712917.000000,180.000000
2025-11-21T08:15:18+00:00,1763712918.000000,8730.000000
2025-11-21T08:15:19+00:00,1763712919.000000,1596.000000
2025-11-21T08:15:20+00:00,1763712920.000000,23380.000000
2025-11-21T08:15:21+00:00,1763712921.000000,5267.000000
2025-11-21T08:15:22+00:00,1763712922.000000,5268.000000
2025-11-21T08:15:23+00:00,1763712923.000000,627.000000
2025-11-21T08:15:24+00:00,1763712924.000000,4975.000000
2025-11-21T08:15:25+00:00,1763712925.000000,337.000000
2025-11-21T08:15:26+00:00,1763712926.000000,7322.000000
2025-11-21T08:15:27+00:00,1763712927.000000,4121.000000
2025-11-21T08:15:28+00:00,1763712928.000000,18942.000000
2025-11-21T08:15:29+00:00,1763712929.000000,86544.000000
2025-11-21T08:15:30+00:00,1763712930.000000,17083.000000
2025-11-21T08:15:31+00:00,1763712931.000000,9157.000000
2025-11-21T08:15:32+00:00,1763712932.000000,3041.000000
2025-11-21T08:15:33+00:00,1763712933.000000,5698.000000
2025-11-21T08:15:34+00:00,1763712934.000000,17777.000000
2025-11-21T08:15:35+00:00,1763712935.000000,1932.000000
2025-11-21T08:15:36+00:00,1763712936.000000,8225.000000
2025-11-21T08:15:37+00:00,1763712937.000000,5224.000000
2025-11-21T08:15:38+00:00,1763712938.000000,5805.000000
2025-11-21T08:15:39+00:00,1763712939.000000,15720.000000
2025-11-21T08:15:40+00:00,1763712940.000000,20497.000000
2025-11-21T08:15:41+00:00,1763712941.000000,446.000000
2025-11-21T08:15:42+00:00,1763712942.000000,5091.000000
2025-11-21T08:15:43+00:00,1763712943.000000,431.000000
2025-11-21T08:15:44+00:00,1763712944.000000,13747.000000
2025-11-21T08:15:45+00:00,1763712945.000000,330.000000
2025-11-21T08:15:47+00:00,1763712947.000000,5543.000000
2025-11-21T08:15:48+00:00,1763712948.000000,282.000000
2025-11-21T08:15:49+00:00,1763712949.000000,5042.000000
2025-11-21T08:15:50+00:00,1763712950.000000,563.000000
2025-11-21T08:15:51+00:00,1763712951.000000,7674.000000
2025-11-21T08:15:52+00:00,1763712952.000000,276.000000
2025-11-21T08:15:53+00:00,1763712953.000000,1508.000000
2025-11-21T08:15:54+00:00,1763712954.000000,5887.000000
2025-11-21T08:15:55+00:00,1763712955.000000,642.000000
2025-11-21T08:15:56+00:00,1763712956.000000,7794.000000
2025-11-21T08:15:57+00:00,1763712957.000000,541.000000
2025-11-21T08:15:58+00:00,1763712958.000000,222.000000
2025-11-21T08:15:59+00:00,1763712959.000000,7392.000000
2025-11-21T08:16:00+00:00,1763712960.000000,10488.000000
2025-11-21T08:16:01+00:00,1763712961.000000,240.000000
2025-11-21T08:16:02+00:00,1763712962.000000,5077.000000
2025-11-21T08:16:03+00:00,1763712963.000000,937.000000
2025-11-21T08:16:04+00:00,1763712964.000000,8100.000000
2025-11-21T08:16:05+00:00,1763712965.000000,520.000000
2025-11-21T08:16:07+00:00,1763712967.000000,2681.000000
2025-11-21T08:16:08+00:00,1763712968.000000,311.000000
2025-11-21T08:16:09+00:00,1763712969.000000,8127.000000
2025-11-21T08:16:10+00:00,1763712970.000000,11537.000000
2025-11-21T08:16:11+00:00,1763712971.000000,14645.000000
2025-11-21T08:16:12+00:00,1763712972.000000,5155.000000
2025-11-21T08:16:13+00:00,1763712973.000000,1076.000000
2025-11-21T08:16:14+00:00,1763712974.000000,5302.000000
2025-11-21T08:16:15+00:00,1763712975.000000,897.000000
2025-11-21T08:16:16+00:00,1763712976.000000,5162.000000
2025-11-21T08:16:17+00:00,1763712977.000000,638.000000
2025-11-21T08:16:18+00:00,1763712978.000000,8377.000000
2025-11-21T08:16:19+00:00,1763712979.000000,767.000000
2025-11-21T08:16:20+00:00,1763712980.000000,652.000000
2025-11-21T08:16:21+00:00,1763712981.000000,7911.000000
2025-11-21T08:16:22+00:00,1763712982.000000,466.000000
2025-11-21T08:16:23+00:00,1763712983.000000,184.000000
2025-11-21T08:16:24+00:00,1763712984.000000,7873.000000
2025-11-21T08:16:25+00:00,1763712985.000000,313.000000
2025-11-21T08:16:26+00:00,1763712986.000000,304.000000
2025-11-21T08:16:27+00:00,1763712987.000000,5335.000000
2025-11-21T08:16:28+00:00,1763712988.000000,612.000000
2025-11-21T08:16:29+00:00,1763712989.000000,7572.000000
2025-11-21T08:16:30+00:00,1763712990.000000,8230.000000
2025-11-21T08:16:31+00:00,1763712991.000000,86.000000
2025-11-21T08:16:32+00:00,1763712992.000000,5099.000000
2025-11-21T08:16:33+00:00,1763712993.000000,553.000000
2025-11-21T08:16:34+00:00,1763712994.000000,5327.000000
2025-11-21T08:16:35+00:00,1763712995.000000,764.000000
2025-11-21T08:16:36+00:00,1763712996.000000,7272.000000
2025-11-21T08:16:37+00:00,1763712997.000000,939.000000
2025-11-21T08:16:38+00:00,1763712998.000000,184.000000
2025-11-21T08:16:39+00:00,1763712999.000000,5733.000000
2025-11-21T08:16:40+00:00,1763713000.000000,780.000000
2025-11-21T08:16:41+00:00,1763713001.000000,30800.000000
2025-11-21T08:16:42+00:00,1763713002.000000,17647.000000
2025-11-21T08:16:43+00:00,1763713003.000000,7604.000000
2025-11-21T08:16:44+00:00,1763713004.000000,900.000000
2025-11-21T08:16:45+00:00,1763713005.000000,180.000000
2025-11-21T08:16:46+00:00,1763713006.000000,7494.000000
2025-11-21T08:16:47+00:00,1763713007.000000,1564.000000
2025-11-21T08:16:48+00:00,1763713008.000000,726.000000
2025-11-21T08:16:49+00:00,1763713009.000000,8500.000000
2025-11-21T08:16:50+00:00,1763713010.000000,1406.000000
2025-11-21T08:16:51+00:00,1763713011.000000,300.000000
2025-11-21T08:16:52+00:00,1763713012.000000,5091.000000
2025-11-21T08:16:53+00:00,1763713013.000000,631.000000
2025-11-21T08:16:54+00:00,1763713014.000000,7483.000000
2025-11-21T08:16:55+00:00,1763713015.000000,544.000000
2025-11-21T08:16:57+00:00,1763713017.000000,5841.000000
2025-11-21T08:16:58+00:00,1763713018.000000,827.000000
2025-11-21T08:16:59+00:00,1763713019.000000,617.000000
2025-11-21T08:17:00+00:00,1763713020.000000,7673.000000
2025-11-21T08:17:01+00:00,1763713021.000000,1866.000000
2025-11-21T08:17:02+00:00,1763713022.000000,430.000000
2025-11-21T08:17:03+00:00,1763713023.000000,6215.000000
2025-11-21T08:17:04+00:00,1763713024.000000,2259.000000
2025-11-21T08:17:05+00:00,1763713025.000000,5182.000000
2025-11-21T08:17:06+00:00,1763713026.000000,211.000000
2025-11-21T08:17:07+00:00,1763713027.000000,5031.000000
2025-11-21T08:17:08+00:00,1763713028.000000,850.000000
2025-11-21T08:17:09+00:00,1763713029.000000,8484.000000
2025-11-21T08:17:10+00:00,1763713030.000000,13113.000000
2025-11-21T08:17:11+00:00,1763713031.000000,910.000000
2025-11-21T08:17:12+00:00,1763713032.000000,18164.000000
2025-11-21T08:17:13+00:00,1763713033.000000,23594.000000
2025-11-21T08:17:14+00:00,1763713034.000000,5833.000000
2025-11-21T08:17:15+00:00,1763713035.000000,1495.000000
2025-11-21T08:17:16+00:00,1763713036.000000,7815.000000
2025-11-21T08:17:17+00:00,1763713037.000000,575.000000
2025-11-21T08:17:18+00:00,1763713038.000000,590.000000
2025-11-21T08:17:19+00:00,1763713039.000000,5845.000000
2025-11-21T08:17:21+00:00,1763713041.000000,2682.000000
2025-11-21T08:17:22+00:00,1763713042.000000,542.000000
2025-11-21T08:17:23+00:00,1763713043.000000,7760.000000
2025-11-21T08:17:24+00:00,1763713044.000000,305.000000
2025-11-21T08:17:25+00:00,1763713045.000000,545.000000
2025-11-21T08:17:26+00:00,1763713046.000000,5099.000000
2025-11-21T08:17:27+00:00,1763713047.000000,657.000000
2025-11-21T08:17:28+00:00,1763713048.000000,7518.000000
2025-11-21T08:17:29+00:00,1763713049.000000,877.000000
2025-11-21T08:17:30+00:00,1763713050.000000,29340.000000
2025-11-21T08:17:31+00:00,1763713051.000000,8217.000000
2025-11-21T08:17:32+00:00,1763713052.000000,437.000000
2025-11-21T08:17:33+00:00,1763713053.000000,11921.000000
2025-11-21T08:17:34+00:00,1763713054.000000,12844.000000
2025-11-21T08:17:35+00:00,1763713055.000000,5495.000000
2025-11-21T08:17:36+00:00,1763713056.000000,1314.000000
2025-11-21T08:17:37+00:00,1763713057.000000,13288.000000
2025-11-21T08:17:38+00:00,1763713058.000000,1919.000000
2025-11-21T08:17:39+00:00,1763713059.000000,102.000000
2025-11-21T08:17:40+00:00,1763713060.000000,5517.000000
2025-11-21T08:17:41+00:00,1763713061.000000,614.000000
2025-11-21T08:17:42+00:00,1763713062.000000,15143.000000
2025-11-21T08:17:43+00:00,1763713063.000000,4652.000000
2025-11-21T08:17:44+00:00,1763713064.000000,21229.000000
2025-11-21T08:17:45+00:00,1763713065.000000,1988.000000
2025-11-21T08:17:46+00:00,1763713066.000000,8372.000000
2025-11-21T08:17:47+00:00,1763713067.000000,180.000000
2025-11-21T08:17:48+00:00,1763713068.000000,300.000000
2025-11-21T08:17:49+00:00,1763713069.000000,86.000000
2025-11-21T08:17:50+00:00,1763713070.000000,8324.000000
2025-11-21T08:17:51+00:00,1763713071.000000,329.000000
2025-11-21T08:17:52+00:00,1763713072.000000,5217.000000
2025-11-21T08:17:53+00:00,1763713073.000000,692.000000
2025-11-21T08:17:54+00:00,1763713074.000000,7515.000000
2025-11-21T08:17:55+00:00,1763713075.000000,782.000000
2025-11-21T08:17:56+00:00,1763713076.000000,781.000000
2025-11-21T08:17:57+00:00,1763713077.000000,5269.000000
2025-11-21T08:17:58+00:00,1763713078.000000,495.000000
2025-11-21T08:17:59+00:00,1763713079.000000,750.000000
2025-11-21T08:18:00+00:00,1763713080.000000,7593.000000
2025-11-21T08:18:02+00:00,1763713082.000000,5650.000000
2025-11-21T08:18:03+00:00,1763713083.000000,750.000000
2025-11-21T08:18:04+00:00,1763713084.000000,379.000000
2025-11-21T08:18:05+00:00,1763713085.000000,7418.000000
2025-11-21T08:18:06+00:00,1763713086.000000,452.000000
2025-11-21T08:18:07+00:00,1763713087.000000,226.000000
2025-11-21T08:18:08+00:00,1763713088.000000,5454.000000
2025-11-21T08:18:09+00:00,1763713089.000000,964.000000
2025-11-21T08:18:10+00:00,1763713090.000000,5513.000000
2025-11-21T08:18:11+00:00,1763713091.000000,896.000000
2025-11-21T08:18:12+00:00,1763713092.000000,4973.000000
2025-11-21T08:18:13+00:00,1763713093.000000,746.000000
2025-11-21T08:18:14+00:00,1763713094.000000,19531.000000
2025-11-21T08:18:15+00:00,1763713095.000000,24593.000000
2025-11-21T08:18:16+00:00,1763713096.000000,1039.000000
2025-11-21T08:18:17+00:00,1763713097.000000,5153.000000
2025-11-21T08:18:18+00:00,1763713098.000000,7256.000000
2025-11-21T08:18:19+00:00,1763713099.000000,116921.000000
2025-11-21T08:18:20+00:00,1763713100.000000,810.000000
2025-11-21T08:18:21+00:00,1763713101.000000,924.000000
2025-11-21T08:18:22+00:00,1763713102.000000,1298.000000
2025-11-21T08:18:23+00:00,1763713103.000000,33000.000000
2025-11-21T08:18:24+00:00,1763713104.000000,18746.000000
2025-11-21T08:18:25+00:00,1763713105.000000,1216.000000
2025-11-21T08:18:26+00:00,1763713106.000000,6125.000000
2025-11-21T08:18:27+00:00,1763713107.000000,1652.000000
2025-11-21T08:18:28+00:00,1763713108.000000,10283.000000
2025-11-21T08:18:29+00:00,1763713109.000000,613.000000
2025-11-21T08:18:30+00:00,1763713110.000000,983.000000
2025-11-21T08:18:31+00:00,1763713111.000000,622.000000
2025-11-21T08:18:32+00:00,1763713112.000000,999.000000
2025-11-21T08:18:33+00:00,1763713113.000000,34214.000000
2025-11-21T08:18:34+00:00,1763713114.000000,20145.000000
2025-11-21T08:18:35+00:00,1763713115.000000,6100.000000
2025-11-21T08:18:36+00:00,1763713116.000000,736.000000
2025-11-21T08:18:37+00:00,1763713117.000000,4909.000000
2025-11-21T08:18:38+00:00,1763713118.000000,2756.000000
2025-11-21T08:18:39+00:00,1763713119.000000,304.000000
2025-11-21T08:18:40+00:00,1763713120.000000,9466.000000
2025-11-21T08:18:41+00:00,1763713121.000000,555.000000
2025-11-21T08:18:42+00:00,1763713122.000000,7763.000000
2025-11-21T08:18:43+00:00,1763713123.000000,510.000000
2025-11-21T08:18:44+00:00,1763713124.000000,470.000000
2025-11-21T08:18:45+00:00,1763713125.000000,15856.000000
2025-11-21T08:18:46+00:00,1763713126.000000,29775.000000
2025-11-21T08:18:47+00:00,1763713127.000000,831.000000
2025-11-21T08:18:48+00:00,1763713128.000000,17480.000000
2025-11-21T08:18:49+00:00,1763713129.000000,3466.000000
2025-11-21T08:18:50+00:00,1763713130.000000,240.000000
2025-11-21T08:18:51+00:00,1763713131.000000,7459.000000
2025-11-21T08:18:52+00:00,1763713132.000000,992.000000
2025-11-21T08:18:53+00:00,1763713133.000000,480.000000
2025-11-21T08:18:54+00:00,1763713134.000000,5252.000000
2025-11-21T08:18:55+00:00,1763713135.000000,300.000000
2025-11-21T08:18:56+00:00,1763713136.000000,5090.000000
2025-11-21T08:18:57+00:00,1763713137.000000,375.000000
2025-11-21T08:18:58+00:00,1763713138.000000,5979.000000
2025-11-21T08:18:59+00:00,1763713139.000000,1208.000000
2025-11-21T08:19:00+00:00,1763713140.000000,5730.000000
2025-11-21T08:19:01+00:00,1763713141.000000,212.000000
2025-11-21T08:19:02+00:00,1763713142.000000,7899.000000
2025-11-21T08:19:03+00:00,1763713143.000000,1443.000000
2025-11-21T08:19:04+00:00,1763713144.000000,751.000000
2025-11-21T08:19:05+00:00,1763713145.000000,5484.000000
2025-11-21T08:19:06+00:00,1763713146.000000,728.000000
2025-11-21T08:19:07+00:00,1763713147.000000,7650.000000
2025-11-21T08:19:08+00:00,1763713148.000000,751.000000
2025-11-21T08:19:09+00:00,1763713149.000000,240.000000
2025-11-21T08:19:10+00:00,1763713150.000000,30048.000000
2025-11-21T08:19:11+00:00,1763713151.000000,22509.000000
2025-11-21T08:19:12+00:00,1763713152.000000,1080.000000
2025-11-21T08:19:13+00:00,1763713153.000000,6500.000000
2025-11-21T08:19:14+00:00,1763713154.000000,13525.000000
2025-11-21T08:19:15+00:00,1763713155.000000,22208.000000
2025-11-21T08:19:16+00:00,1763713156.000000,17809.000000
2025-11-21T08:19:17+00:00,1763713157.000000,18755.000000
2025-11-21T08:19:18+00:00,1763713158.000000,8497.000000
2025-11-21T08:19:19+00:00,1763713159.000000,608.000000
2025-11-21T08:19:20+00:00,1763713160.000000,5995.000000
2025-11-21T08:19:21+00:00,1763713161.000000,826.000000
2025-11-21T08:19:22+00:00,1763713162.000000,5279.000000
2025-11-21T08:19:23+00:00,1763713163.000000,270.000000
2025-11-21T08:19:24+00:00,1763713164.000000,7698.000000
2025-11-21T08:19:25+00:00,1763713165.000000,855.000000
2025-11-21T08:19:26+00:00,1763713166.000000,180.000000
2025-11-21T08:19:27+00:00,1763713167.000000,5591.000000
2025-11-21T08:19:28+00:00,1763713168.000000,1086.000000
2025-11-21T08:19:29+00:00,1763713169.000000,5460.000000
2025-11-21T08:19:30+00:00,1763713170.000000,17248.000000
2025-11-21T08:19:31+00:00,1763713171.000000,7383.000000
2025-11-21T08:19:32+00:00,1763713172.000000,546.000000
2025-11-21T08:19:33+00:00,1763713173.000000,120.000000
2025-11-21T08:19:34+00:00,1763713174.000000,8511.000000
2025-11-21T08:19:35+00:00,1763713175.000000,1155.000000
2025-11-21T08:19:36+00:00,1763713176.000000,240.000000
2025-11-21T08:19:37+00:00,1763713177.000000,8118.000000
2025-11-21T08:19:38+00:00,1763713178.000000,510.000000
2025-11-21T08:19:39+00:00,1763713179.000000,3032.000000
2025-11-21T08:19:40+00:00,1763713180.000000,58172.000000
2025-11-21T08:19:41+00:00,1763713181.000000,1006.000000
2025-11-21T08:19:42+00:00,1763713182.000000,974.000000
2025-11-21T08:19:43+00:00,1763713183.000000,1252.000000
2025-11-21T08:19:44+00:00,1763713184.000000,56024.000000
2025-11-21T08:19:45+00:00,1763713185.000000,7022.000000
2025-11-21T08:19:46+00:00,1763713186.000000,1044.000000
2025-11-21T08:19:47+00:00,1763713187.000000,20622.000000
2025-11-21T08:19:48+00:00,1763713188.000000,19893.000000
2025-11-21T08:19:49+00:00,1763713189.000000,21314.000000
2025-11-21T08:19:50+00:00,1763713190.000000,1368.000000
2025-11-21T08:19:51+00:00,1763713191.000000,816.000000
2025-11-21T08:19:52+00:00,1763713192.000000,7702.000000
2025-11-21T08:19:53+00:00,1763713193.000000,1168.000000
2025-11-21T08:19:54+00:00,1763713194.000000,720.000000
2025-11-21T08:19:55+00:00,1763713195.000000,5639.000000
2025-11-21T08:19:56+00:00,1763713196.000000,739.000000
2025-11-21T08:19:57+00:00,1763713197.000000,5491.000000
2025-11-21T08:19:59+00:00,1763713199.000000,6003.000000
2025-11-21T08:20:00+00:00,1763713200.000000,504.000000
2025-11-21T08:20:01+00:00,1763713201.000000,180.000000
2025-11-21T08:20:02+00:00,1763713202.000000,5281.000000
2025-11-21T08:20:03+00:00,1763713203.000000,64.000000
2025-11-21T08:20:04+00:00,1763713204.000000,5035.000000
2025-11-21T08:20:05+00:00,1763713205.000000,1348.000000
2025-11-21T08:20:06+00:00,1763713206.000000,845.000000
2025-11-21T08:20:07+00:00,1763713207.000000,7927.000000
2025-11-21T08:20:08+00:00,1763713208.000000,724.000000
2025-11-21T08:20:09+00:00,1763713209.000000,5334.000000
2025-11-21T08:20:10+00:00,1763713210.000000,773.000000
2025-11-21T08:20:11+00:00,1763713211.000000,2000.000000
2025-11-21T08:20:12+00:00,1763713212.000000,8990.000000
2025-11-21T08:20:13+00:00,1763713213.000000,7958.000000
2025-11-21T08:20:14+00:00,1763713214.000000,1052.000000
2025-11-21T08:20:15+00:00,1763713215.000000,582.000000
2025-11-21T08:20:16+00:00,1763713216.000000,17835.000000
2025-11-21T08:20:17+00:00,1763713217.000000,36241.000000
2025-11-21T08:20:18+00:00,1763713218.000000,25743.000000
2025-11-21T08:20:19+00:00,1763713219.000000,23887.000000
2025-11-21T08:20:20+00:00,1763713220.000000,1040.000000
2025-11-21T08:20:21+00:00,1763713221.000000,7800.000000
2025-11-21T08:20:22+00:00,1763713222.000000,1420.000000
2025-11-21T08:20:23+00:00,1763713223.000000,304.000000
2025-11-21T08:20:24+00:00,1763713224.000000,5035.000000
2025-11-21T08:20:25+00:00,1763713225.000000,311.000000
2025-11-21T08:20:26+00:00,1763713226.000000,5335.000000
2025-11-21T08:20:27+00:00,1763713227.000000,776.000000
2025-11-21T08:20:28+00:00,1763713228.000000,25582.000000
2025-11-21T08:20:29+00:00,1763713229.000000,7207.000000
2025-11-21T08:20:30+00:00,1763713230.000000,78237.000000
2025-11-21T08:20:31+00:00,1763713231.000000,5038.000000
2025-11-21T08:20:32+00:00,1763713232.000000,2030.000000
2025-11-21T08:20:33+00:00,1763713233.000000,7825.000000
2025-11-21T08:20:34+00:00,1763713234.000000,516.000000
2025-11-21T08:20:35+00:00,1763713235.000000,600.000000
2025-11-21T08:20:36+00:00,1763713236.000000,5795.000000
2025-11-21T08:20:37+00:00,1763713237.000000,505.000000
2025-11-21T08:20:38+00:00,1763713238.000000,19209.000000
2025-11-21T08:20:39+00:00,1763713239.000000,281.000000
2025-11-21T08:20:40+00:00,1763713240.000000,544.000000
2025-11-21T08:20:41+00:00,1763713241.000000,5559.000000
2025-11-21T08:20:42+00:00,1763713242.000000,120.000000
2025-11-21T08:20:43+00:00,1763713243.000000,5597.000000
2025-11-21T08:20:45+00:00,1763713245.000000,2863.000000
2025-11-21T08:20:46+00:00,1763713246.000000,784.000000
2025-11-21T08:20:47+00:00,1763713247.000000,41774.000000
2025-11-21T08:20:48+00:00,1763713248.000000,762.000000
2025-11-21T08:20:49+00:00,1763713249.000000,11130.000000
2025-11-21T08:20:50+00:00,1763713250.000000,29382.000000
2025-11-21T08:20:51+00:00,1763713251.000000,2047.000000
2025-11-21T08:20:52+00:00,1763713252.000000,8591.000000
2025-11-21T08:20:53+00:00,1763713253.000000,918.000000
2025-11-21T08:20:55+00:00,1763713255.000000,5665.000000
2025-11-21T08:20:56+00:00,1763713256.000000,452.000000
2025-11-21T08:20:57+00:00,1763713257.000000,120.000000
2025-11-21T08:20:58+00:00,1763713258.000000,7946.000000
2025-11-21T08:20:59+00:00,1763713259.000000,1271.000000
2025-11-21T08:21:00+00:00,1763713260.000000,174.000000
2025-11-21T08:21:01+00:00,1763713261.000000,7428.000000
2025-11-21T08:21:02+00:00,1763713262.000000,702.000000
2025-11-21T08:21:03+00:00,1763713263.000000,664.000000
2025-11-21T08:21:04+00:00,1763713264.000000,5829.000000
2025-11-21T08:21:05+00:00,1763713265.000000,428.000000
2025-11-21T08:21:06+00:00,1763713266.000000,4975.000000
2025-11-21T08:21:07+00:00,1763713267.000000,686.000000
2025-11-21T08:21:08+00:00,1763713268.000000,7659.000000
2025-11-21T08:21:09+00:00,1763713269.000000,578.000000
2025-11-21T08:21:10+00:00,1763713270.000000,180.000000
2025-11-21T08:21:11+00:00,1763713271.000000,5035.000000
2025-11-21T08:21:12+00:00,1763713272.000000,747.000000
2025-11-21T08:21:13+00:00,1763713273.000000,5155.000000
2025-11-21T08:21:14+00:00,1763713274.000000,842.000000
2025-11-21T08:21:15+00:00,1763713275.000000,5412.000000
2025-11-21T08:21:16+00:00,1763713276.000000,630.000000
2025-11-21T08:21:17+00:00,1763713277.000000,8309.000000
2025-11-21T08:21:18+00:00,1763713278.000000,19497.000000
2025-11-21T08:21:19+00:00,1763713279.000000,724.000000
2025-11-21T08:21:20+00:00,1763713280.000000,16981.000000
2025-11-21T08:21:21+00:00,1763713281.000000,93527.000000
2025-11-21T08:21:22+00:00,1763713282.000000,2902.000000
2025-11-21T08:21:23+00:00,1763713283.000000,106240.000000
2025-11-21T08:21:24+00:00,1763713284.000000,311068.000000
2025-11-21T08:21:25+00:00,1763713285.000000,12749.000000
2025-11-21T08:21:26+00:00,1763713286.000000,234.000000
2025-11-21T08:21:27+00:00,1763713287.000000,17512.000000
2025-11-21T08:21:28+00:00,1763713288.000000,8916.000000
2025-11-21T08:21:29+00:00,1763713289.000000,600.000000
2025-11-21T08:21:30+00:00,1763713290.000000,5328.000000
2025-11-21T08:21:31+00:00,1763713291.000000,244.000000
2025-11-21T08:21:32+00:00,1763713292.000000,7638.000000
2025-11-21T08:21:33+00:00,1763713293.000000,335.000000
2025-11-21T08:21:34+00:00,1763713294.000000,690.000000
2025-11-21T08:21:35+00:00,1763713295.000000,5990.000000
2025-11-21T08:21:36+00:00,1763713296.000000,370.000000
2025-11-21T08:21:37+00:00,1763713297.000000,5519.000000
2025-11-21T08:21:38+00:00,1763713298.000000,451.000000
2025-11-21T08:21:39+00:00,1763713299.000000,7851.000000
2025-11-21T08:21:40+00:00,1763713300.000000,815.000000
2025-11-21T08:21:41+00:00,1763713301.000000,304.000000
2025-11-21T08:21:42+00:00,1763713302.000000,4975.000000
2025-11-21T08:21:43+00:00,1763713303.000000,1155.000000
2025-11-21T08:21:44+00:00,1763713304.000000,24671.000000
2025-11-21T08:21:45+00:00,1763713305.000000,11487.000000
2025-11-21T08:21:46+00:00,1763713306.000000,1596.000000
2025-11-21T08:21:47+00:00,1763713307.000000,7768.000000
2025-11-21T08:21:48+00:00,1763713308.000000,851.000000
2025-11-21T08:21:49+00:00,1763713309.000000,240.000000
2025-11-21T08:21:50+00:00,1763713310.000000,21695.000000
2025-11-21T08:21:51+00:00,1763713311.000000,12600.000000
2025-11-21T08:21:52+00:00,1763713312.000000,42928.000000
2025-11-21T08:21:53+00:00,1763713313.000000,824.000000
2025-11-21T08:21:54+00:00,1763713314.000000,184.000000
2025-11-21T08:21:55+00:00,1763713315.000000,15109.000000
2025-11-21T08:21:56+00:00,1763713316.000000,1761.000000
2025-11-21T08:21:57+00:00,1763713317.000000,540.000000
2025-11-21T08:21:58+00:00,1763713318.000000,5515.000000
2025-11-21T08:21:59+00:00,1763713319.000000,326.000000
2025-11-21T08:22:00+00:00,1763713320.000000,13654.000000
2025-11-21T08:22:01+00:00,1763713321.000000,1448.000000
2025-11-21T08:22:02+00:00,1763713322.000000,7702.000000
2025-11-21T08:22:03+00:00,1763713323.000000,305.000000
2025-11-21T08:22:04+00:00,1763713324.000000,300.000000
2025-11-21T08:22:05+00:00,1763713325.000000,14765.000000
2025-11-21T08:22:06+00:00,1763713326.000000,2375.000000
2025-11-21T08:22:07+00:00,1763713327.000000,244.000000
2025-11-21T08:22:08+00:00,1763713328.000000,33952.000000
2025-11-21T08:22:09+00:00,1763713329.000000,259869.000000
2025-11-21T08:22:10+00:00,1763713330.000000,58535.000000
2025-11-21T08:22:11+00:00,1763713331.000000,82550.000000
2025-11-21T08:22:12+00:00,1763713332.000000,8326.000000
2025-11-21T08:22:13+00:00,1763713333.000000,15937.000000
2025-11-21T08:22:14+00:00,1763713334.000000,2196.000000
2025-11-21T08:22:15+00:00,1763713335.000000,8977.000000
2025-11-21T08:22:16+00:00,1763713336.000000,2537.000000
2025-11-21T08:22:17+00:00,1763713337.000000,11424.000000
2025-11-21T08:22:18+00:00,1763713338.000000,1864.000000
2025-11-21T08:22:19+00:00,1763713339.000000,9921.000000
2025-11-21T08:22:20+00:00,1763713340.000000,2501.000000
2025-11-21T08:22:21+00:00,1763713341.000000,2216.000000
2025-11-21T08:22:22+00:00,1763713342.000000,10309.000000
2025-11-21T08:22:23+00:00,1763713343.000000,59487.000000
2025-11-21T08:22:24+00:00,1763713344.000000,2508.000000
2025-11-21T08:22:25+00:00,1763713345.000000,7128.000000
2025-11-21T08:22:26+00:00,1763713346.000000,10664.000000
2025-11-21T08:22:27+00:00,1763713347.000000,53359.000000
2025-11-21T08:22:28+00:00,1763713348.000000,142498.000000
2025-11-21T08:22:29+00:00,1763713349.000000,28249.000000
2025-11-21T08:22:30+00:00,1763713350.000000,5625.000000
2025-11-21T08:22:31+00:00,1763713351.000000,1276.000000
2025-11-21T08:22:32+00:00,1763713352.000000,7709.000000
2025-11-21T08:22:33+00:00,1763713353.000000,2098.000000
2025-11-21T08:22:34+00:00,1763713354.000000,477.000000
2025-11-21T08:22:35+00:00,1763713355.000000,6391.000000
2025-11-21T08:22:36+00:00,1763713356.000000,780.000000
2025-11-21T08:22:37+00:00,1763713357.000000,9676.000000
2025-11-21T08:22:38+00:00,1763713358.000000,18475.000000
2025-11-21T08:22:39+00:00,1763713359.000000,6532.000000
2025-11-21T08:22:40+00:00,1763713360.000000,1558.000000
2025-11-21T08:22:41+00:00,1763713361.000000,8411.000000
2025-11-21T08:22:42+00:00,1763713362.000000,300.000000
2025-11-21T08:22:43+00:00,1763713363.000000,885.000000
2025-11-21T08:22:44+00:00,1763713364.000000,8351.000000
2025-11-21T08:22:45+00:00,1763713365.000000,881.000000
2025-11-21T08:22:46+00:00,1763713366.000000,368.000000
2025-11-21T08:22:47+00:00,1763713367.000000,5362.000000
2025-11-21T08:22:48+00:00,1763713368.000000,365.000000
2025-11-21T08:22:49+00:00,1763713369.000000,4975.000000
2025-11-21T08:22:50+00:00,1763713370.000000,272.000000
2025-11-21T08:22:51+00:00,1763713371.000000,7574.000000
2025-11-21T08:22:52+00:00,1763713372.000000,3268.000000
2025-11-21T08:22:53+00:00,1763713373.000000,19529.000000
2025-11-21T08:22:54+00:00,1763713374.000000,12786.000000
2025-11-21T08:22:55+00:00,1763713375.000000,124.000000
2025-11-21T08:22:56+00:00,1763713376.000000,544.000000
2025-11-21T08:22:57+00:00,1763713377.000000,13142.000000
2025-11-21T08:22:58+00:00,1763713378.000000,2873.000000
2025-11-21T08:22:59+00:00,1763713379.000000,4951.000000
2025-11-21T08:23:00+00:00,1763713380.000000,9822.000000
2025-11-21T08:23:01+00:00,1763713381.000000,4358.000000
2025-11-21T08:23:02+00:00,1763713382.000000,7870.000000
2025-11-21T08:23:03+00:00,1763713383.000000,1140.000000
2025-11-21T08:23:04+00:00,1763713384.000000,360.000000
2025-11-21T08:23:05+00:00,1763713385.000000,7758.000000
2025-11-21T08:23:06+00:00,1763713386.000000,999.000000
2025-11-21T08:23:07+00:00,1763713387.000000,343.000000
2025-11-21T08:23:08+00:00,1763713388.000000,4975.000000
2025-11-21T08:23:09+00:00,1763713389.000000,1558.000000
2025-11-21T08:23:10+00:00,1763713390.000000,642.000000
2025-11-21T08:23:11+00:00,1763713391.000000,7398.000000
2025-11-21T08:23:12+00:00,1763713392.000000,1752.000000
2025-11-21T08:23:13+00:00,1763713393.000000,4975.000000
2025-11-21T08:23:14+00:00,1763713394.000000,2044.000000
2025-11-21T08:23:15+00:00,1763713395.000000,8000.000000
2025-11-21T08:23:16+00:00,1763713396.000000,2726.000000
2025-11-21T08:23:17+00:00,1763713397.000000,2921.000000
2025-11-21T08:23:18+00:00,1763713398.000000,8529.000000
2025-11-21T08:23:19+00:00,1763713399.000000,6375.000000
2025-11-21T08:23:20+00:00,1763713400.000000,1853.000000
2025-11-21T08:23:21+00:00,1763713401.000000,783.000000
2025-11-21T08:23:22+00:00,1763713402.000000,2236.000000
2025-11-21T08:23:23+00:00,1763713403.000000,2352.000000
2025-11-21T08:23:24+00:00,1763713404.000000,11839.000000
2025-11-21T08:23:25+00:00,1763713405.000000,40148.000000
2025-11-21T08:23:26+00:00,1763713406.000000,1053.000000
2025-11-21T08:23:27+00:00,1763713407.000000,1077.000000
2025-11-21T08:23:28+00:00,1763713408.000000,5223.000000
2025-11-21T08:23:29+00:00,1763713409.000000,1719.000000
2025-11-21T08:23:30+00:00,1763713410.000000,51521.000000
2025-11-21T08:23:31+00:00,1763713411.000000,2154.000000
2025-11-21T08:23:32+00:00,1763713412.000000,1719.000000
2025-11-21T08:23:33+00:00,1763713413.000000,976.000000
2025-11-21T08:23:34+00:00,1763713414.000000,660.000000
2025-11-21T08:23:35+00:00,1763713415.000000,86.000000
2025-11-21T08:23:36+00:00,1763713416.000000,1048.000000
2025-11-21T08:23:37+00:00,1763713417.000000,6970.000000
2025-11-21T08:23:38+00:00,1763713418.000000,1592.000000
2025-11-21T08:23:39+00:00,1763713419.000000,180.000000
2025-11-21T08:23:51+00:00,1763713431.000000,328.000000
2025-11-21T08:23:52+00:00,1763713432.000000,58770.000000
2025-11-21T08:23:53+00:00,1763713433.000000,247999.000000
2025-11-21T08:23:54+00:00,1763713434.000000,328885.000000
2025-11-21T08:23:55+00:00,1763713435.000000,44531.000000
2025-11-21T08:23:56+00:00,1763713436.000000,55119.000000
2025-11-21T08:23:57+00:00,1763713437.000000,34310.000000
2025-11-21T08:23:58+00:00,1763713438.000000,11688.000000
2025-11-21T08:23:59+00:00,1763713439.000000,236.000000
2025-11-21T08:24:00+00:00,1763713440.000000,5040.000000
2025-11-21T08:24:01+00:00,1763713441.000000,18402.000000
2025-11-21T08:24:02+00:00,1763713442.000000,9280.000000
2025-11-21T08:24:03+00:00,1763713443.000000,9908.000000
2025-11-21T08:24:04+00:00,1763713444.000000,6741.000000
2025-11-21T08:24:05+00:00,1763713445.000000,20915.000000
2025-11-21T08:24:06+00:00,1763713446.000000,12658.000000
2025-11-21T08:24:07+00:00,1763713447.000000,3586.000000
2025-11-21T08:24:08+00:00,1763713448.000000,5186.000000
2025-11-21T08:24:09+00:00,1763713449.000000,8521.000000
2025-11-21T08:24:10+00:00,1763713450.000000,11944.000000
2025-11-21T08:24:11+00:00,1763713451.000000,1802.000000
2025-11-21T08:24:12+00:00,1763713452.000000,374.000000
2025-11-21T08:24:13+00:00,1763713453.000000,5035.000000
2025-11-21T08:24:14+00:00,1763713454.000000,2124.000000
2025-11-21T08:24:15+00:00,1763713455.000000,2044.000000
2025-11-21T08:24:16+00:00,1763713456.000000,5294.000000
2025-11-21T08:24:17+00:00,1763713457.000000,9164.000000
2025-11-21T08:24:18+00:00,1763713458.000000,1858.000000
2025-11-21T08:24:19+00:00,1763713459.000000,490.000000
2025-11-21T08:24:20+00:00,1763713460.000000,552.000000
2025-11-21T08:24:21+00:00,1763713461.000000,424.000000
2025-11-21T08:24:22+00:00,1763713462.000000,240.000000
2025-11-21T08:24:23+00:00,1763713463.000000,118500.000000
2025-11-21T08:24:24+00:00,1763713464.000000,12382.000000
2025-11-21T08:24:25+00:00,1763713465.000000,515.000000
2025-11-21T08:24:26+00:00,1763713466.000000,4251.000000
2025-11-21T08:24:27+00:00,1763713467.000000,33422.000000
2025-11-21T08:24:28+00:00,1763713468.000000,5205.000000
2025-11-21T08:24:29+00:00,1763713469.000000,52789.000000
2025-11-21T08:24:30+00:00,1763713470.000000,117321.000000
2025-11-21T08:24:31+00:00,1763713471.000000,480.000000
2025-11-21T08:24:32+00:00,1763713472.000000,5311.000000
2025-11-21T08:24:33+00:00,1763713473.000000,284.000000
2025-11-21T08:24:34+00:00,1763713474.000000,7735.000000
2025-11-21T08:24:35+00:00,1763713475.000000,800.000000
2025-11-21T08:24:36+00:00,1763713476.000000,548.000000
2025-11-21T08:24:37+00:00,1763713477.000000,5647.000000
2025-11-21T08:24:38+00:00,1763713478.000000,11677.000000
2025-11-21T08:24:39+00:00,1763713479.000000,7910.000000
2025-11-21T08:24:40+00:00,1763713480.000000,322.000000
2025-11-21T08:24:41+00:00,1763713481.000000,33877.000000
2025-11-21T08:24:42+00:00,1763713482.000000,8860.000000
2025-11-21T08:24:43+00:00,1763713483.000000,920.000000
2025-11-21T08:24:44+00:00,1763713484.000000,480.000000
2025-11-21T08:24:45+00:00,1763713485.000000,5367.000000
2025-11-21T08:24:46+00:00,1763713486.000000,189.000000
2025-11-21T08:24:47+00:00,1763713487.000000,12924.000000
2025-11-21T08:24:48+00:00,1763713488.000000,60.000000
2025-11-21T08:24:49+00:00,1763713489.000000,29949.000000
2025-11-21T08:24:50+00:00,1763713490.000000,39524.000000
2025-11-21T08:24:51+00:00,1763713491.000000,28299.000000
2025-11-21T08:24:52+00:00,1763713492.000000,21085.000000
2025-11-21T08:24:53+00:00,1763713493.000000,16038.000000
2025-11-21T08:24:54+00:00,1763713494.000000,26422.000000
2025-11-21T08:24:55+00:00,1763713495.000000,971.000000
2025-11-21T08:24:56+00:00,1763713496.000000,7603.000000
2025-11-21T08:24:57+00:00,1763713497.000000,12528.000000
2025-11-21T08:24:58+00:00,1763713498.000000,18409.000000
2025-11-21T08:24:59+00:00,1763713499.000000,6115.000000
2025-11-21T08:25:00+00:00,1763713500.000000,3747.000000
2025-11-21T08:25:01+00:00,1763713501.000000,59884.000000
2025-11-21T08:25:02+00:00,1763713502.000000,4039.000000
2025-11-21T08:25:03+00:00,1763713503.000000,3077.000000
2025-11-21T08:25:04+00:00,1763713504.000000,46308.000000
2025-11-21T08:25:05+00:00,1763713505.000000,9657.000000
2025-11-21T08:25:06+00:00,1763713506.000000,7573.000000
2025-11-21T08:25:07+00:00,1763713507.000000,527.000000
2025-11-21T08:25:08+00:00,1763713508.000000,7638.000000
2025-11-21T08:25:09+00:00,1763713509.000000,396.000000
2025-11-21T08:25:10+00:00,1763713510.000000,240.000000
2025-11-21T08:25:11+00:00,1763713511.000000,12705.000000
2025-11-21T08:25:12+00:00,1763713512.000000,989.000000
2025-11-21T08:25:13+00:00,1763713513.000000,7758.000000
2025-11-21T08:25:14+00:00,1763713514.000000,1153.000000
2025-11-21T08:25:15+00:00,1763713515.000000,240.000000
2025-11-21T08:25:16+00:00,1763713516.000000,8118.000000
2025-11-21T08:25:17+00:00,1763713517.000000,686.000000
2025-11-21T08:25:18+00:00,1763713518.000000,120.000000
2025-11-21T08:25:19+00:00,1763713519.000000,5530.000000
2025-11-21T08:25:20+00:00,1763713520.000000,848.000000
2025-11-21T08:25:21+00:00,1763713521.000000,7822.000000
2025-11-21T08:25:22+00:00,1763713522.000000,358.000000
2025-11-21T08:25:23+00:00,1763713523.000000,936.000000
2025-11-21T08:25:24+00:00,1763713524.000000,5169.000000
2025-11-21T08:25:25+00:00,1763713525.000000,665.000000
2025-11-21T08:25:26+00:00,1763713526.000000,7578.000000
2025-11-21T08:25:27+00:00,1763713527.000000,2445.000000
2025-11-21T08:25:28+00:00,1763713528.000000,15077.000000
2025-11-21T08:25:29+00:00,1763713529.000000,23781.000000
2025-11-21T08:25:30+00:00,1763713530.000000,582.000000
2025-11-21T08:25:31+00:00,1763713531.000000,80181.000000
2025-11-21T08:25:32+00:00,1763713532.000000,309.000000
2025-11-21T08:25:33+00:00,1763713533.000000,300.000000
2025-11-21T08:25:34+00:00,1763713534.000000,8032.000000
2025-11-21T08:25:35+00:00,1763713535.000000,604.000000
2025-11-21T08:25:36+00:00,1763713536.000000,240.000000
2025-11-21T08:25:37+00:00,1763713537.000000,5395.000000
2025-11-21T08:25:38+00:00,1763713538.000000,553.000000
2025-11-21T08:25:39+00:00,1763713539.000000,7578.000000
2025-11-21T08:25:40+00:00,1763713540.000000,990.000000
2025-11-21T08:25:41+00:00,1763713541.000000,271.000000
2025-11-21T08:25:42+00:00,1763713542.000000,5846.000000
2025-11-21T08:25:43+00:00,1763713543.000000,696.000000
2025-11-21T08:25:44+00:00,1763713544.000000,17085.000000
2025-11-21T08:25:45+00:00,1763713545.000000,548.000000
2025-11-21T08:25:46+00:00,1763713546.000000,686.000000
2025-11-21T08:25:47+00:00,1763713547.000000,5731.000000
2025-11-21T08:25:48+00:00,1763713548.000000,300.000000
2025-11-21T08:25:49+00:00,1763713549.000000,5367.000000
2025-11-21T08:25:50+00:00,1763713550.000000,694.000000
2025-11-21T08:25:51+00:00,1763713551.000000,5642.000000
2025-11-21T08:25:52+00:00,1763713552.000000,184.000000
2025-11-21T08:25:53+00:00,1763713553.000000,5849.000000
2025-11-21T08:25:54+00:00,1763713554.000000,1034.000000
2025-11-21T08:25:55+00:00,1763713555.000000,7398.000000
2025-11-21T08:25:56+00:00,1763713556.000000,512.000000
2025-11-21T08:25:57+00:00,1763713557.000000,1100.000000
2025-11-21T08:25:58+00:00,1763713558.000000,5612.000000
2025-11-21T08:25:59+00:00,1763713559.000000,11105.000000
2025-11-21T08:26:00+00:00,1763713560.000000,40866.000000
2025-11-21T08:26:01+00:00,1763713561.000000,460.000000
2025-11-21T08:26:02+00:00,1763713562.000000,60.000000
2025-11-21T08:26:03+00:00,1763713563.000000,5395.000000
2025-11-21T08:26:04+00:00,1763713564.000000,1527.000000
2025-11-21T08:26:05+00:00,1763713565.000000,4975.000000
2025-11-21T08:26:06+00:00,1763713566.000000,510.000000
2025-11-21T08:26:07+00:00,1763713567.000000,15226.000000
2025-11-21T08:26:08+00:00,1763713568.000000,14477.000000
2025-11-21T08:26:09+00:00,1763713569.000000,32157.000000
2025-11-21T08:26:10+00:00,1763713570.000000,8600.000000
2025-11-21T08:26:11+00:00,1763713571.000000,311.000000
2025-11-21T08:26:13+00:00,1763713573.000000,3464.000000
2025-11-21T08:26:14+00:00,1763713574.000000,60.000000
2025-11-21T08:26:15+00:00,1763713575.000000,5279.000000
2025-11-21T08:26:16+00:00,1763713576.000000,835.000000
2025-11-21T08:26:17+00:00,1763713577.000000,5230.000000
2025-11-21T08:26:18+00:00,1763713578.000000,901.000000
2025-11-21T08:26:19+00:00,1763713579.000000,5035.000000
2025-11-21T08:26:20+00:00,1763713580.000000,2060.000000
2025-11-21T08:26:21+00:00,1763713581.000000,24705.000000
2025-11-21T08:26:22+00:00,1763713582.000000,137370.000000
2025-11-21T08:26:23+00:00,1763713583.000000,1044.000000
2025-11-21T08:26:24+00:00,1763713584.000000,538.000000
2025-11-21T08:26:25+00:00,1763713585.000000,27963.000000
2025-11-21T08:26:26+00:00,1763713586.000000,29948.000000
2025-11-21T08:26:27+00:00,1763713587.000000,8254.000000
2025-11-21T08:26:28+00:00,1763713588.000000,1330.000000
2025-11-21T08:26:29+00:00,1763713589.000000,1276.000000
2025-11-21T08:26:30+00:00,1763713590.000000,18627.000000
2025-11-21T08:26:31+00:00,1763713591.000000,15850.000000
2025-11-21T08:26:32+00:00,1763713592.000000,9766.000000
2025-11-21T08:26:33+00:00,1763713593.000000,304.000000
2025-11-21T08:26:34+00:00,1763713594.000000,300.000000
2025-11-21T08:26:35+00:00,1763713595.000000,5727.000000
2025-11-21T08:26:36+00:00,1763713596.000000,874.000000
2025-11-21T08:26:37+00:00,1763713597.000000,5427.000000
2025-11-21T08:26:38+00:00,1763713598.000000,488.000000
2025-11-21T08:26:39+00:00,1763713599.000000,5890.000000
2025-11-21T08:26:40+00:00,1763713600.000000,664.000000
2025-11-21T08:26:41+00:00,1763713601.000000,7424.000000
2025-11-21T08:26:42+00:00,1763713602.000000,2433.000000
2025-11-21T08:26:43+00:00,1763713603.000000,580.000000
2025-11-21T08:26:44+00:00,1763713604.000000,7603.000000
2025-11-21T08:26:45+00:00,1763713605.000000,911.000000
2025-11-21T08:26:47+00:00,1763713607.000000,5307.000000
2025-11-21T08:26:48+00:00,1763713608.000000,964.000000
2025-11-21T08:26:49+00:00,1763713609.000000,2435.000000
2025-11-21T08:26:50+00:00,1763713610.000000,10685.000000
2025-11-21T08:26:51+00:00,1763713611.000000,14712.000000
2025-11-21T08:26:52+00:00,1763713612.000000,1967.000000
2025-11-21T08:26:53+00:00,1763713613.000000,8151.000000
2025-11-21T08:26:54+00:00,1763713614.000000,1491.000000
2025-11-21T08:26:55+00:00,1763713615.000000,898.000000
2025-11-21T08:26:56+00:00,1763713616.000000,40442.000000
2025-11-21T08:26:57+00:00,1763713617.000000,17650.000000
2025-11-21T08:26:58+00:00,1763713618.000000,1186.000000
2025-11-21T08:26:59+00:00,1763713619.000000,6377.000000
2025-11-21T08:27:00+00:00,1763713620.000000,540.000000
2025-11-21T08:27:01+00:00,1763713621.000000,26392.000000
2025-11-21T08:27:02+00:00,1763713622.000000,23209.000000
2025-11-21T08:27:03+00:00,1763713623.000000,31620.000000
2025-11-21T08:27:04+00:00,1763713624.000000,7454.000000
2025-11-21T08:27:05+00:00,1763713625.000000,1875.000000
2025-11-21T08:27:06+00:00,1763713626.000000,1671.000000
2025-11-21T08:27:07+00:00,1763713627.000000,5155.000000
2025-11-21T08:27:08+00:00,1763713628.000000,276.000000
2025-11-21T08:27:09+00:00,1763713629.000000,5265.000000
2025-11-21T08:27:10+00:00,1763713630.000000,2320.000000
2025-11-21T08:27:11+00:00,1763713631.000000,4911.000000
2025-11-21T08:27:12+00:00,1763713632.000000,2500.000000
2025-11-21T08:27:13+00:00,1763713633.000000,13610.000000
2025-11-21T08:27:14+00:00,1763713634.000000,76396.000000
2025-11-21T08:27:15+00:00,1763713635.000000,7827.000000
2025-11-21T08:27:16+00:00,1763713636.000000,476.000000
2025-11-21T08:27:17+00:00,1763713637.000000,9833.000000
2025-11-21T08:27:18+00:00,1763713638.000000,1070.000000
2025-11-21T08:27:19+00:00,1763713639.000000,32837.000000
2025-11-21T08:27:20+00:00,1763713640.000000,13665.000000
2025-11-21T08:27:21+00:00,1763713641.000000,8725.000000
2025-11-21T08:27:22+00:00,1763713642.000000,790.000000
2025-11-21T08:27:23+00:00,1763713643.000000,660.000000
2025-11-21T08:27:24+00:00,1763713644.000000,6169.000000
2025-11-21T08:27:25+00:00,1763713645.000000,478.000000
2025-11-21T08:27:26+00:00,1763713646.000000,7773.000000
2025-11-21T08:27:27+00:00,1763713647.000000,1123.000000
2025-11-21T08:27:28+00:00,1763713648.000000,548.000000
2025-11-21T08:27:29+00:00,1763713649.000000,21166.000000
2025-11-21T08:27:30+00:00,1763713650.000000,636.000000
2025-11-21T08:27:31+00:00,1763713651.000000,13359.000000
2025-11-21T08:27:32+00:00,1763713652.000000,21968.000000
2025-11-21T08:27:33+00:00,1763713653.000000,157802.000000
2025-11-21T08:27:34+00:00,1763713654.000000,29210.000000
2025-11-21T08:27:35+00:00,1763713655.000000,6575.000000
2025-11-21T08:27:36+00:00,1763713656.000000,11168.000000
2025-11-21T08:27:37+00:00,1763713657.000000,4975.000000
2025-11-21T08:27:38+00:00,1763713658.000000,1444.000000
2025-11-21T08:27:39+00:00,1763713659.000000,10974.000000
2025-11-21T08:27:40+00:00,1763713660.000000,1661.000000
2025-11-21T08:27:41+00:00,1763713661.000000,7320.000000
2025-11-21T08:27:42+00:00,1763713662.000000,327.000000
2025-11-21T08:27:43+00:00,1763713663.000000,190.000000
2025-11-21T08:27:44+00:00,1763713664.000000,7698.000000
2025-11-21T08:27:45+00:00,1763713665.000000,1182.000000
2025-11-21T08:27:46+00:00,1763713666.000000,474.000000
2025-11-21T08:27:47+00:00,1763713667.000000,5959.000000
2025-11-21T08:27:48+00:00,1763713668.000000,487.000000
2025-11-21T08:27:49+00:00,1763713669.000000,5155.000000
2025-11-21T08:27:50+00:00,1763713670.000000,791.000000
2025-11-21T08:27:51+00:00,1763713671.000000,7946.000000
2025-11-21T08:27:52+00:00,1763713672.000000,816.000000
2025-11-21T08:27:53+00:00,1763713673.000000,4723.000000
2025-11-21T08:27:54+00:00,1763713674.000000,5215.000000
2025-11-21T08:27:55+00:00,1763713675.000000,872.000000
2025-11-21T08:27:56+00:00,1763713676.000000,7514.000000
2025-11-21T08:27:57+00:00,1763713677.000000,983.000000
2025-11-21T08:27:58+00:00,1763713678.000000,519.000000
2025-11-21T08:27:59+00:00,1763713679.000000,5155.000000
2025-11-21T08:28:00+00:00,1763713680.000000,806.000000
2025-11-21T08:28:01+00:00,1763713681.000000,5361.000000
2025-11-21T08:28:02+00:00,1763713682.000000,597.000000
2025-11-21T08:28:03+00:00,1763713683.000000,20090.000000
2025-11-21T08:28:04+00:00,1763713684.000000,5116.000000
2025-11-21T08:28:05+00:00,1763713685.000000,450.000000
2025-11-21T08:28:06+00:00,1763713686.000000,5061.000000
2025-11-21T08:28:07+00:00,1763713687.000000,446.000000
2025-11-21T08:28:08+00:00,1763713688.000000,6034.000000
2025-11-21T08:28:09+00:00,1763713689.000000,549.000000
2025-11-21T08:28:10+00:00,1763713690.000000,4971.000000
2025-11-21T08:28:11+00:00,1763713691.000000,396.000000
2025-11-21T08:28:12+00:00,1763713692.000000,180.000000
2025-11-21T08:28:13+00:00,1763713693.000000,5627.000000
2025-11-21T08:28:14+00:00,1763713694.000000,240.000000
2025-11-21T08:28:15+00:00,1763713695.000000,5804.000000
2025-11-21T08:28:16+00:00,1763713696.000000,848.000000
2025-11-21T08:28:17+00:00,1763713697.000000,7936.000000
2025-11-21T08:28:18+00:00,1763713698.000000,928.000000
2025-11-21T08:28:19+00:00,1763713699.000000,8058.000000
2025-11-21T08:28:20+00:00,1763713700.000000,1734.000000
2025-11-21T08:28:21+00:00,1763713701.000000,435.000000
2025-11-21T08:28:22+00:00,1763713702.000000,18498.000000
2025-11-21T08:28:23+00:00,1763713703.000000,8620.000000
2025-11-21T08:28:24+00:00,1763713704.000000,27419.000000
2025-11-21T08:28:25+00:00,1763713705.000000,848.000000
2025-11-21T08:28:26+00:00,1763713706.000000,34333.000000
2025-11-21T08:28:27+00:00,1763713707.000000,1800.000000
2025-11-21T08:28:28+00:00,1763713708.000000,11885.000000
2025-11-21T08:28:29+00:00,1763713709.000000,50894.000000
2025-11-21T08:28:30+00:00,1763713710.000000,8681.000000
2025-11-21T08:28:31+00:00,1763713711.000000,982.000000
2025-11-21T08:28:32+00:00,1763713712.000000,19195.000000
2025-11-21T08:28:33+00:00,1763713713.000000,8105.000000
2025-11-21T08:28:34+00:00,1763713714.000000,17040.000000
2025-11-21T08:28:35+00:00,1763713715.000000,23660.000000
2025-11-21T08:28:36+00:00,1763713716.000000,1453.000000
2025-11-21T08:28:37+00:00,1763713717.000000,22214.000000
2025-11-21T08:28:38+00:00,1763713718.000000,4533.000000
2025-11-21T08:28:39+00:00,1763713719.000000,529.000000
2025-11-21T08:28:40+00:00,1763713720.000000,4975.000000
2025-11-21T08:28:41+00:00,1763713721.000000,20938.000000
2025-11-21T08:28:42+00:00,1763713722.000000,19150.000000
2025-11-21T08:28:43+00:00,1763713723.000000,20218.000000
2025-11-21T08:28:44+00:00,1763713724.000000,420.000000
2025-11-21T08:28:45+00:00,1763713725.000000,5215.000000
2025-11-21T08:28:46+00:00,1763713726.000000,490.000000
2025-11-21T08:28:47+00:00,1763713727.000000,5143.000000
2025-11-21T08:28:48+00:00,1763713728.000000,14836.000000
2025-11-21T08:28:49+00:00,1763713729.000000,7591.000000
2025-11-21T08:28:50+00:00,1763713730.000000,24728.000000
2025-11-21T08:28:52+00:00,1763713732.000000,2683.000000
2025-11-21T08:28:53+00:00,1763713733.000000,17282.000000
2025-11-21T08:28:54+00:00,1763713734.000000,46234.000000
2025-11-21T08:28:55+00:00,1763713735.000000,12263.000000
2025-11-21T08:28:56+00:00,1763713736.000000,14463.000000
2025-11-21T08:28:57+00:00,1763713737.000000,717.000000
2025-11-21T08:28:58+00:00,1763713738.000000,240.000000
2025-11-21T08:28:59+00:00,1763713739.000000,4911.000000
2025-11-21T08:29:00+00:00,1763713740.000000,491.000000
2025-11-21T08:29:01+00:00,1763713741.000000,64.000000
2025-11-21T08:29:02+00:00,1763713742.000000,7610.000000
2025-11-21T08:29:03+00:00,1763713743.000000,13934.000000
2025-11-21T08:29:04+00:00,1763713744.000000,6654.000000
2025-11-21T08:29:05+00:00,1763713745.000000,11237.000000
2025-11-21T08:29:06+00:00,1763713746.000000,21426.000000
2025-11-21T08:29:07+00:00,1763713747.000000,3587.000000
2025-11-21T08:29:08+00:00,1763713748.000000,6480.000000
2025-11-21T08:29:09+00:00,1763713749.000000,33003.000000
2025-11-21T08:29:10+00:00,1763713750.000000,33491.000000
2025-11-21T08:29:11+00:00,1763713751.000000,6591.000000
2025-11-21T08:29:12+00:00,1763713752.000000,4297.000000
2025-11-21T08:29:13+00:00,1763713753.000000,5466.000000
2025-11-21T08:29:14+00:00,1763713754.000000,618.000000
2025-11-21T08:29:15+00:00,1763713755.000000,5429.000000
2025-11-21T08:29:16+00:00,1763713756.000000,60.000000
2025-11-21T08:29:17+00:00,1763713757.000000,7454.000000
2025-11-21T08:29:18+00:00,1763713758.000000,611.000000
2025-11-21T08:29:19+00:00,1763713759.000000,184.000000
2025-11-21T08:29:20+00:00,1763713760.000000,7783.000000
2025-11-21T08:29:21+00:00,1763713761.000000,332.000000
2025-11-21T08:29:22+00:00,1763713762.000000,60.000000
2025-11-21T08:29:23+00:00,1763713763.000000,5643.000000
2025-11-21T08:29:24+00:00,1763713764.000000,4936.000000
2025-11-21T08:29:25+00:00,1763713765.000000,5506.000000
2025-11-21T08:29:26+00:00,1763713766.000000,392.000000
2025-11-21T08:29:27+00:00,1763713767.000000,7745.000000
2025-11-21T08:29:28+00:00,1763713768.000000,866.000000
2025-11-21T08:29:29+00:00,1763713769.000000,668.000000
2025-11-21T08:29:30+00:00,1763713770.000000,8054.000000
2025-11-21T08:29:31+00:00,1763713771.000000,18425.000000
2025-11-21T08:29:32+00:00,1763713772.000000,360.000000
2025-11-21T08:29:33+00:00,1763713773.000000,5487.000000
2025-11-21T08:29:34+00:00,1763713774.000000,664.000000
2025-11-21T08:29:35+00:00,1763713775.000000,7665.000000
2025-11-21T08:29:36+00:00,1763713776.000000,10303.000000
2025-11-21T08:29:37+00:00,1763713777.000000,30097.000000
2025-11-21T08:29:38+00:00,1763713778.000000,8990.000000
2025-11-21T08:29:39+00:00,1763713779.000000,3229.000000
2025-11-21T08:29:40+00:00,1763713780.000000,1931.000000
2025-11-21T08:29:41+00:00,1763713781.000000,9102.000000
2025-11-21T08:29:42+00:00,1763713782.000000,16360.000000
2025-11-21T08:29:43+00:00,1763713783.000000,3675.000000
2025-11-21T08:29:44+00:00,1763713784.000000,5605.000000
2025-11-21T08:29:45+00:00,1763713785.000000,184.000000
2025-11-21T08:29:46+00:00,1763713786.000000,5151.000000
2025-11-21T08:29:47+00:00,1763713787.000000,942.000000
2025-11-21T08:29:48+00:00,1763713788.000000,7260.000000
2025-11-21T08:29:49+00:00,1763713789.000000,31047.000000
2025-11-21T08:29:50+00:00,1763713790.000000,32676.000000
2025-11-21T08:29:51+00:00,1763713791.000000,20192.000000
2025-11-21T08:29:52+00:00,1763713792.000000,24668.000000
2025-11-21T08:29:53+00:00,1763713793.000000,220692.000000
2025-11-21T08:29:54+00:00,1763713794.000000,66244.000000
2025-11-21T08:29:55+00:00,1763713795.000000,1100.000000
2025-11-21T08:29:56+00:00,1763713796.000000,8062.000000
2025-11-21T08:29:57+00:00,1763713797.000000,1583.000000
2025-11-21T08:29:58+00:00,1763713798.000000,1032.000000
2025-11-21T08:29:59+00:00,1763713799.000000,5285.000000
2025-11-21T08:30:00+00:00,1763713800.000000,570.000000
2025-11-21T08:30:01+00:00,1763713801.000000,6890.000000
2025-11-21T08:30:02+00:00,1763713802.000000,2353.000000
2025-11-21T08:30:03+00:00,1763713803.000000,7758.000000
2025-11-21T08:30:04+00:00,1763713804.000000,560.000000
2025-11-21T08:30:05+00:00,1763713805.000000,43617.000000
2025-11-21T08:30:06+00:00,1763713806.000000,5029.000000
2025-11-21T08:30:07+00:00,1763713807.000000,12475.000000
2025-11-21T08:30:08+00:00,1763713808.000000,21251.000000
2025-11-21T08:30:09+00:00,1763713809.000000,60.000000
2025-11-21T08:30:10+00:00,1763713810.000000,5951.000000
2025-11-21T08:30:11+00:00,1763713811.000000,392.000000
2025-11-21T08:30:12+00:00,1763713812.000000,7514.000000
2025-11-21T08:30:13+00:00,1763713813.000000,705.000000
2025-11-21T08:30:14+00:00,1763713814.000000,1195.000000
2025-11-21T08:30:15+00:00,1763713815.000000,5035.000000
2025-11-21T08:30:16+00:00,1763713816.000000,386.000000
2025-11-21T08:30:17+00:00,1763713817.000000,7578.000000
2025-11-21T08:30:18+00:00,1763713818.000000,524.000000
2025-11-21T08:30:19+00:00,1763713819.000000,308.000000
2025-11-21T08:30:20+00:00,1763713820.000000,4911.000000
2025-11-21T08:30:21+00:00,1763713821.000000,757.000000
2025-11-21T08:30:22+00:00,1763713822.000000,513.000000
2025-11-21T08:30:23+00:00,1763713823.000000,8029.000000
2025-11-21T08:30:24+00:00,1763713824.000000,240.000000
2025-11-21T08:30:25+00:00,1763713825.000000,11160.000000
2025-11-21T08:30:26+00:00,1763713826.000000,966.000000
2025-11-21T08:30:27+00:00,1763713827.000000,364.000000
2025-11-21T08:30:28+00:00,1763713828.000000,20785.000000
2025-11-21T08:30:29+00:00,1763713829.000000,15914.000000
2025-11-21T08:30:30+00:00,1763713830.000000,530.000000
2025-11-21T08:30:31+00:00,1763713831.000000,16309.000000
2025-11-21T08:30:32+00:00,1763713832.000000,78374.000000
2025-11-21T08:30:33+00:00,1763713833.000000,11925.000000
2025-11-21T08:30:34+00:00,1763713834.000000,5319.000000
2025-11-21T08:30:35+00:00,1763713835.000000,632.000000
2025-11-21T08:30:36+00:00,1763713836.000000,12901.000000
2025-11-21T08:30:37+00:00,1763713837.000000,14627.000000
2025-11-21T08:30:38+00:00,1763713838.000000,9228.000000
2025-11-21T08:30:39+00:00,1763713839.000000,39548.000000
2025-11-21T08:30:40+00:00,1763713840.000000,1465.000000
2025-11-21T08:30:41+00:00,1763713841.000000,304.000000
2025-11-21T08:30:42+00:00,1763713842.000000,7817.000000
2025-11-21T08:30:43+00:00,1763713843.000000,486.000000
2025-11-21T08:30:44+00:00,1763713844.000000,18175.000000
2025-11-21T08:30:45+00:00,1763713845.000000,882.000000
2025-11-21T08:30:46+00:00,1763713846.000000,60.000000
2025-11-21T08:30:47+00:00,1763713847.000000,5224.000000
2025-11-21T08:30:48+00:00,1763713848.000000,878.000000
2025-11-21T08:30:49+00:00,1763713849.000000,7638.000000
2025-11-21T08:30:50+00:00,1763713850.000000,811.000000
2025-11-21T08:30:51+00:00,1763713851.000000,916.000000
2025-11-21T08:30:52+00:00,1763713852.000000,5281.000000
2025-11-21T08:30:53+00:00,1763713853.000000,1082.000000
2025-11-21T08:34:46+00:00,1763714086.000000,14200.000000
2025-11-21T08:34:47+00:00,1763714087.000000,51037.000000
2025-11-21T08:34:48+00:00,1763714088.000000,6932.000000
2025-11-21T08:34:49+00:00,1763714089.000000,27056.000000
2025-11-21T08:34:50+00:00,1763714090.000000,2640.000000
2025-11-21T08:34:51+00:00,1763714091.000000,5906.000000
2025-11-21T08:34:52+00:00,1763714092.000000,759.000000
2025-11-21T08:34:53+00:00,1763714093.000000,5975.000000
2025-11-21T08:34:54+00:00,1763714094.000000,34895.000000
2025-11-21T08:34:55+00:00,1763714095.000000,5346.000000
2025-11-21T08:34:56+00:00,1763714096.000000,643.000000
2025-11-21T08:34:57+00:00,1763714097.000000,5447.000000
2025-11-21T08:34:58+00:00,1763714098.000000,2076.000000
2025-11-21T08:34:59+00:00,1763714099.000000,466.000000
2025-11-21T08:35:00+00:00,1763714100.000000,7880.000000
2025-11-21T08:35:01+00:00,1763714101.000000,300.000000
2025-11-21T08:35:02+00:00,1763714102.000000,5906.000000
2025-11-21T08:35:03+00:00,1763714103.000000,244.000000
2025-11-21T08:35:04+00:00,1763714104.000000,5491.000000
2025-11-21T08:35:05+00:00,1763714105.000000,480.000000
2025-11-21T08:35:06+00:00,1763714106.000000,5547.000000
2025-11-21T08:35:07+00:00,1763714107.000000,540.000000
2025-11-21T08:35:08+00:00,1763714108.000000,5257.000000
2025-11-21T08:35:09+00:00,1763714109.000000,615.000000
2025-11-21T08:35:10+00:00,1763714110.000000,720.000000
2025-11-21T08:35:11+00:00,1763714111.000000,16726.000000
2025-11-21T08:35:12+00:00,1763714112.000000,13664.000000
2025-11-21T08:35:13+00:00,1763714113.000000,6041.000000
2025-11-21T08:35:14+00:00,1763714114.000000,1456.000000
2025-11-21T08:35:15+00:00,1763714115.000000,8308.000000
2025-11-21T08:35:16+00:00,1763714116.000000,732.000000
2025-11-21T08:35:17+00:00,1763714117.000000,10997.000000
2025-11-21T08:35:18+00:00,1763714118.000000,18617.000000
2025-11-21T08:35:19+00:00,1763714119.000000,724.000000
2025-11-21T08:35:20+00:00,1763714120.000000,10161.000000
2025-11-21T08:35:21+00:00,1763714121.000000,3052.000000
2025-11-21T08:35:22+00:00,1763714122.000000,1046.000000
2025-11-21T08:35:23+00:00,1763714123.000000,7454.000000
2025-11-21T08:35:24+00:00,1763714124.000000,120.000000
2025-11-21T08:35:25+00:00,1763714125.000000,8002.000000
2025-11-21T08:35:26+00:00,1763714126.000000,542.000000
2025-11-21T08:35:27+00:00,1763714127.000000,2138.000000
2025-11-21T08:35:28+00:00,1763714128.000000,31814.000000
2025-11-21T08:35:29+00:00,1763714129.000000,2109.000000
2025-11-21T08:35:30+00:00,1763714130.000000,7836.000000
2025-11-21T08:35:31+00:00,1763714131.000000,946.000000
2025-11-21T08:35:32+00:00,1763714132.000000,93870.000000
2025-11-21T08:35:33+00:00,1763714133.000000,32477.000000
2025-11-21T08:35:34+00:00,1763714134.000000,120.000000
2025-11-21T08:35:35+00:00,1763714135.000000,6172.000000
2025-11-21T08:35:36+00:00,1763714136.000000,1824.000000
2025-11-21T08:35:37+00:00,1763714137.000000,11673.000000
2025-11-21T08:35:38+00:00,1763714138.000000,1972.000000
2025-11-21T08:35:39+00:00,1763714139.000000,532.000000
2025-11-21T08:35:40+00:00,1763714140.000000,926.000000
2025-11-21T08:35:41+00:00,1763714141.000000,898.000000
2025-11-21T08:35:42+00:00,1763714142.000000,50736.000000
2025-11-21T08:35:43+00:00,1763714143.000000,428.000000
2025-11-21T08:35:44+00:00,1763714144.000000,21177.000000
2025-11-21T08:35:45+00:00,1763714145.000000,1404.000000
2025-11-21T08:35:46+00:00,1763714146.000000,364.000000
2025-11-21T08:35:47+00:00,1763714147.000000,9241.000000
2025-11-21T08:35:48+00:00,1763714148.000000,8825.000000
2025-11-21T08:35:49+00:00,1763714149.000000,25316.000000
2025-11-21T08:35:50+00:00,1763714150.000000,8703.000000
2025-11-21T08:35:51+00:00,1763714151.000000,300.000000
2025-11-21T08:35:52+00:00,1763714152.000000,424.000000
2025-11-21T08:35:53+00:00,1763714153.000000,5271.000000
2025-11-21T08:35:54+00:00,1763714154.000000,915.000000
2025-11-21T08:35:55+00:00,1763714155.000000,7840.000000
2025-11-21T08:35:56+00:00,1763714156.000000,456.000000
2025-11-21T08:35:57+00:00,1763714157.000000,29365.000000
2025-11-21T08:35:58+00:00,1763714158.000000,5849.000000
2025-11-21T08:35:59+00:00,1763714159.000000,304.000000
2025-11-21T08:36:00+00:00,1763714160.000000,7758.000000
2025-11-21T08:36:01+00:00,1763714161.000000,615.000000
2025-11-21T08:36:03+00:00,1763714163.000000,2895.000000
2025-11-21T08:36:05+00:00,1763714165.000000,5116.000000
2025-11-21T08:36:06+00:00,1763714166.000000,439.000000
2025-11-21T08:36:07+00:00,1763714167.000000,968.000000
2025-11-21T08:36:08+00:00,1763714168.000000,5307.000000
2025-11-21T08:36:09+00:00,1763714169.000000,530.000000
2025-11-21T08:36:10+00:00,1763714170.000000,5886.000000
2025-11-21T08:36:11+00:00,1763714171.000000,426.000000
2025-11-21T08:36:12+00:00,1763714172.000000,10009.000000
2025-11-21T08:36:13+00:00,1763714173.000000,2555.000000
2025-11-21T08:36:14+00:00,1763714174.000000,6646.000000
2025-11-21T08:36:15+00:00,1763714175.000000,20526.000000
2025-11-21T08:36:16+00:00,1763714176.000000,866.000000
2025-11-21T08:36:17+00:00,1763714177.000000,60749.000000
2025-11-21T08:36:18+00:00,1763714178.000000,18725.000000
2025-11-21T08:36:19+00:00,1763714179.000000,17772.000000
2025-11-21T08:36:20+00:00,1763714180.000000,20521.000000
2025-11-21T08:36:21+00:00,1763714181.000000,638.000000
2025-11-21T08:36:22+00:00,1763714182.000000,8352.000000
2025-11-21T08:36:23+00:00,1763714183.000000,1956.000000
2025-11-21T08:36:25+00:00,1763714185.000000,8097.000000
2025-11-21T08:36:26+00:00,1763714186.000000,2419.000000
2025-11-21T08:36:27+00:00,1763714187.000000,8344.000000
2025-11-21T08:36:28+00:00,1763714188.000000,1896.000000
2025-11-21T08:36:29+00:00,1763714189.000000,784.000000
2025-11-21T08:36:30+00:00,1763714190.000000,15526.000000
2025-11-21T08:36:31+00:00,1763714191.000000,40987.000000
2025-11-21T08:36:32+00:00,1763714192.000000,881.000000
2025-11-21T08:36:33+00:00,1763714193.000000,5992.000000
2025-11-21T08:36:34+00:00,1763714194.000000,796.000000
2025-11-21T08:36:35+00:00,1763714195.000000,4975.000000
2025-11-21T08:36:36+00:00,1763714196.000000,2872.000000
2025-11-21T08:36:37+00:00,1763714197.000000,7667.000000
2025-11-21T08:36:38+00:00,1763714198.000000,963.000000
2025-11-21T08:36:39+00:00,1763714199.000000,540.000000
2025-11-21T08:36:40+00:00,1763714200.000000,5996.000000
2025-11-21T08:36:41+00:00,1763714201.000000,248.000000
2025-11-21T08:36:42+00:00,1763714202.000000,5994.000000
2025-11-21T08:36:43+00:00,1763714203.000000,576.000000
2025-11-21T08:36:44+00:00,1763714204.000000,5695.000000
2025-11-21T08:36:45+00:00,1763714205.000000,533.000000
2025-11-21T08:36:46+00:00,1763714206.000000,7758.000000
2025-11-21T08:36:47+00:00,1763714207.000000,500.000000
2025-11-21T08:36:48+00:00,1763714208.000000,1080.000000
2025-11-21T08:36:49+00:00,1763714209.000000,5639.000000
2025-11-21T08:36:50+00:00,1763714210.000000,14135.000000
2025-11-21T08:36:51+00:00,1763714211.000000,20573.000000
2025-11-21T08:36:52+00:00,1763714212.000000,3357.000000
2025-11-21T08:36:53+00:00,1763714213.000000,18290.000000
2025-11-21T08:36:54+00:00,1763714214.000000,3222.000000
2025-11-21T08:36:55+00:00,1763714215.000000,304.000000
2025-11-21T08:36:56+00:00,1763714216.000000,10535.000000
2025-11-21T08:36:57+00:00,1763714217.000000,2326.000000
2025-11-21T08:36:58+00:00,1763714218.000000,2044.000000
2025-11-21T08:36:59+00:00,1763714219.000000,5395.000000
2025-11-21T08:37:00+00:00,1763714220.000000,1624.000000
2025-11-21T08:37:01+00:00,1763714221.000000,300.000000
2025-11-21T08:37:02+00:00,1763714222.000000,360.000000
2025-11-21T08:37:03+00:00,1763714223.000000,428.000000
2025-11-21T08:37:04+00:00,1763714224.000000,270.000000
2025-11-21T08:37:05+00:00,1763714225.000000,2078.000000
2025-11-21T08:37:06+00:00,1763714226.000000,3737.000000
2025-11-21T08:37:07+00:00,1763714227.000000,1290.000000
2025-11-21T08:37:08+00:00,1763714228.000000,1302.000000
2025-11-21T08:37:09+00:00,1763714229.000000,660.000000
2025-11-21T08:37:10+00:00,1763714230.000000,19583.000000
2025-11-21T08:37:11+00:00,1763714231.000000,77936.000000
2025-11-21T08:37:12+00:00,1763714232.000000,1098.000000
2025-11-21T08:37:13+00:00,1763714233.000000,856.000000
2025-11-21T08:37:14+00:00,1763714234.000000,6177.000000
2025-11-21T08:37:15+00:00,1763714235.000000,304.000000
2025-11-21T08:37:16+00:00,1763714236.000000,6566.000000
2025-11-21T08:37:17+00:00,1763714237.000000,660.000000
2025-11-21T08:37:18+00:00,1763714238.000000,5045.000000
2025-11-21T08:37:19+00:00,1763714239.000000,332.000000
2025-11-21T08:37:20+00:00,1763714240.000000,5159.000000
2025-11-21T08:37:21+00:00,1763714241.000000,8496.000000
2025-11-21T08:37:22+00:00,1763714242.000000,59255.000000
2025-11-21T08:37:23+00:00,1763714243.000000,2006.000000
2025-11-21T08:37:24+00:00,1763714244.000000,386.000000
2025-11-21T08:37:25+00:00,1763714245.000000,7638.000000
2025-11-21T08:37:26+00:00,1763714246.000000,575.000000
2025-11-21T08:37:27+00:00,1763714247.000000,630.000000
2025-11-21T08:37:28+00:00,1763714248.000000,5946.000000
2025-11-21T08:37:29+00:00,1763714249.000000,508.000000
2025-11-21T08:37:30+00:00,1763714250.000000,5343.000000
2025-11-21T08:37:31+00:00,1763714251.000000,1038.000000
2025-11-21T08:37:32+00:00,1763714252.000000,10996.000000
2025-11-21T08:37:33+00:00,1763714253.000000,5882.000000
2025-11-21T08:37:34+00:00,1763714254.000000,7624.000000
2025-11-21T08:37:35+00:00,1763714255.000000,431.000000
2025-11-21T08:37:36+00:00,1763714256.000000,544.000000
2025-11-21T08:37:37+00:00,1763714257.000000,10500.000000
2025-11-21T08:37:38+00:00,1763714258.000000,14393.000000
2025-11-21T08:37:39+00:00,1763714259.000000,3733.000000
2025-11-21T08:37:40+00:00,1763714260.000000,8363.000000
2025-11-21T08:37:41+00:00,1763714261.000000,6078.000000
2025-11-21T08:37:42+00:00,1763714262.000000,1003.000000
2025-11-21T08:37:43+00:00,1763714263.000000,5793.000000
2025-11-21T08:37:44+00:00,1763714264.000000,668.000000
2025-11-21T08:37:45+00:00,1763714265.000000,7698.000000
2025-11-21T08:37:46+00:00,1763714266.000000,1029.000000
2025-11-21T08:37:47+00:00,1763714267.000000,248.000000
2025-11-21T08:37:48+00:00,1763714268.000000,5763.000000
2025-11-21T08:37:49+00:00,1763714269.000000,392.000000
2025-11-21T08:37:50+00:00,1763714270.000000,7457.000000
2025-11-21T08:37:51+00:00,1763714271.000000,311.000000
2025-11-21T08:37:52+00:00,1763714272.000000,12652.000000
2025-11-21T08:37:53+00:00,1763714273.000000,9665.000000
2025-11-21T08:37:54+00:00,1763714274.000000,184.000000
2025-11-21T08:37:55+00:00,1763714275.000000,8119.000000
2025-11-21T08:37:56+00:00,1763714276.000000,1503.000000
2025-11-21T08:37:57+00:00,1763714277.000000,438.000000
2025-11-21T08:37:58+00:00,1763714278.000000,5155.000000
2025-11-21T08:37:59+00:00,1763714279.000000,425.000000
2025-11-21T08:38:00+00:00,1763714280.000000,7454.000000
2025-11-21T08:38:01+00:00,1763714281.000000,630.000000
2025-11-21T08:38:02+00:00,1763714282.000000,598.000000
2025-11-21T08:38:03+00:00,1763714283.000000,5727.000000
2025-11-21T08:38:04+00:00,1763714284.000000,538.000000
2025-11-21T08:38:05+00:00,1763714285.000000,5399.000000
2025-11-21T08:38:06+00:00,1763714286.000000,489.000000
2025-11-21T08:38:07+00:00,1763714287.000000,115794.000000
2025-11-21T08:38:08+00:00,1763714288.000000,19885.000000
2025-11-21T08:38:09+00:00,1763714289.000000,8295.000000
2025-11-21T08:38:10+00:00,1763714290.000000,1968.000000
2025-11-21T08:38:11+00:00,1763714291.000000,1222.000000
2025-11-21T08:38:12+00:00,1763714292.000000,47413.000000
2025-11-21T08:38:13+00:00,1763714293.000000,1996.000000
2025-11-21T08:38:14+00:00,1763714294.000000,1824.000000
2025-11-21T08:38:15+00:00,1763714295.000000,9087.000000
2025-11-21T08:38:16+00:00,1763714296.000000,1746.000000
2025-11-21T08:38:19+00:00,1763714299.000000,2086.000000
2025-11-21T08:38:20+00:00,1763714300.000000,32517.000000
2025-11-21T08:38:21+00:00,1763714301.000000,6109.000000
2025-11-21T08:38:22+00:00,1763714302.000000,17883.000000
2025-11-21T08:38:23+00:00,1763714303.000000,70232.000000
2025-11-21T08:38:24+00:00,1763714304.000000,71590.000000
2025-11-21T08:38:25+00:00,1763714305.000000,60266.000000
2025-11-21T08:38:26+00:00,1763714306.000000,41707.000000
2025-11-21T08:38:27+00:00,1763714307.000000,35307.000000
2025-11-21T08:38:28+00:00,1763714308.000000,8081.000000
2025-11-21T08:38:29+00:00,1763714309.000000,8007.000000
2025-11-21T08:38:30+00:00,1763714310.000000,5049.000000
2025-11-21T08:38:31+00:00,1763714311.000000,8446.000000
2025-11-21T08:38:33+00:00,1763714313.000000,5332.000000
2025-11-21T08:38:48+00:00,1763714328.000000,4481.000000
2025-11-21T08:38:49+00:00,1763714329.000000,2070.000000
2025-11-21T08:38:50+00:00,1763714330.000000,120.000000
2025-11-21T08:38:51+00:00,1763714331.000000,59884.000000
2025-11-21T08:38:52+00:00,1763714332.000000,54092.000000
2025-11-21T08:38:53+00:00,1763714333.000000,30041.000000
2025-11-21T08:38:54+00:00,1763714334.000000,646.000000
2025-11-21T08:38:55+00:00,1763714335.000000,60.000000
2025-11-21T08:38:56+00:00,1763714336.000000,34178.000000
2025-11-21T08:38:57+00:00,1763714337.000000,1739.000000
2025-11-21T08:38:58+00:00,1763714338.000000,240.000000
2025-11-21T08:38:59+00:00,1763714339.000000,7906.000000
2025-11-21T08:39:00+00:00,1763714340.000000,115687.000000
2025-11-21T08:39:01+00:00,1763714341.000000,2710.000000
2025-11-21T08:39:02+00:00,1763714342.000000,8795.000000
2025-11-21T08:39:03+00:00,1763714343.000000,758.000000
2025-11-21T08:39:04+00:00,1763714344.000000,1140.000000
2025-11-21T08:39:05+00:00,1763714345.000000,8749.000000
2025-11-21T08:39:06+00:00,1763714346.000000,608.000000
2025-11-21T08:39:07+00:00,1763714347.000000,2084.000000
2025-11-21T08:39:08+00:00,1763714348.000000,7947.000000
2025-11-21T08:39:09+00:00,1763714349.000000,3735.000000
2025-11-21T08:39:10+00:00,1763714350.000000,14239.000000
2025-11-21T08:39:11+00:00,1763714351.000000,1063.000000
2025-11-21T08:39:12+00:00,1763714352.000000,8991.000000
2025-11-21T08:39:13+00:00,1763714353.000000,2165.000000
2025-11-21T08:39:14+00:00,1763714354.000000,1304.000000
2025-11-21T08:39:15+00:00,1763714355.000000,5275.000000
2025-11-21T08:39:16+00:00,1763714356.000000,1868.000000
2025-11-21T08:39:17+00:00,1763714357.000000,7762.000000
2025-11-21T08:39:18+00:00,1763714358.000000,2284.000000
2025-11-21T08:39:19+00:00,1763714359.000000,244.000000
2025-11-21T08:39:20+00:00,1763714360.000000,10722.000000
2025-11-21T08:39:21+00:00,1763714361.000000,2044.000000
2025-11-21T08:39:22+00:00,1763714362.000000,20631.000000
2025-11-21T08:39:23+00:00,1763714363.000000,23646.000000
2025-11-21T08:39:24+00:00,1763714364.000000,5318.000000
2025-11-21T08:39:25+00:00,1763714365.000000,3923.000000
2025-11-21T08:39:26+00:00,1763714366.000000,13797.000000
2025-11-21T08:39:27+00:00,1763714367.000000,38724.000000
2025-11-21T08:39:28+00:00,1763714368.000000,27346.000000
2025-11-21T08:39:29+00:00,1763714369.000000,528.000000
2025-11-21T08:39:30+00:00,1763714370.000000,1185.000000
2025-11-21T08:39:31+00:00,1763714371.000000,11179.000000
2025-11-21T08:39:32+00:00,1763714372.000000,25571.000000
2025-11-21T08:39:33+00:00,1763714373.000000,27606.000000
2025-11-21T08:39:34+00:00,1763714374.000000,1304.000000
2025-11-21T08:39:35+00:00,1763714375.000000,5641.000000
2025-11-21T08:39:36+00:00,1763714376.000000,1044.000000
2025-11-21T08:39:37+00:00,1763714377.000000,248.000000
2025-11-21T08:39:38+00:00,1763714378.000000,5410.000000
2025-11-21T08:39:39+00:00,1763714379.000000,918.000000
2025-11-21T08:39:40+00:00,1763714380.000000,13801.000000
2025-11-21T08:39:41+00:00,1763714381.000000,884.000000
2025-11-21T08:39:42+00:00,1763714382.000000,64.000000
2025-11-21T08:39:43+00:00,1763714383.000000,5215.000000
2025-11-21T08:39:44+00:00,1763714384.000000,996.000000
2025-11-21T08:39:45+00:00,1763714385.000000,7010.000000
2025-11-21T08:39:46+00:00,1763714386.000000,1951.000000
2025-11-21T08:39:47+00:00,1763714387.000000,13308.000000
2025-11-21T08:39:48+00:00,1763714388.000000,9202.000000
2025-11-21T08:39:49+00:00,1763714389.000000,12512.000000
2025-11-21T08:39:50+00:00,1763714390.000000,5770.000000
2025-11-21T08:39:51+00:00,1763714391.000000,587.000000
2025-11-21T08:39:52+00:00,1763714392.000000,7601.000000
2025-11-21T08:39:53+00:00,1763714393.000000,926.000000
2025-11-21T08:39:54+00:00,1763714394.000000,300.000000
2025-11-21T08:39:55+00:00,1763714395.000000,6336.000000
2025-11-21T08:39:56+00:00,1763714396.000000,574.000000
2025-11-21T08:39:57+00:00,1763714397.000000,3384.000000
2025-11-21T08:39:58+00:00,1763714398.000000,136673.000000
2025-11-21T08:39:59+00:00,1763714399.000000,48734.000000
2025-11-21T08:40:00+00:00,1763714400.000000,3537.000000
2025-11-21T08:40:01+00:00,1763714401.000000,410.000000
2025-11-21T08:40:02+00:00,1763714402.000000,28744.000000
2025-11-21T08:40:03+00:00,1763714403.000000,18644.000000
2025-11-21T08:40:04+00:00,1763714404.000000,8229.000000
2025-11-21T08:40:05+00:00,1763714405.000000,1160.000000
2025-11-21T08:40:06+00:00,1763714406.000000,1460.000000
2025-11-21T08:40:07+00:00,1763714407.000000,5155.000000
2025-11-21T08:40:08+00:00,1763714408.000000,2992.000000
2025-11-21T08:40:09+00:00,1763714409.000000,7458.000000
2025-11-21T08:40:10+00:00,1763714410.000000,2299.000000
2025-11-21T08:40:11+00:00,1763714411.000000,540.000000
2025-11-21T08:40:12+00:00,1763714412.000000,5986.000000
2025-11-21T08:40:13+00:00,1763714413.000000,2016.000000
2025-11-21T08:40:14+00:00,1763714414.000000,5923.000000
2025-11-21T08:40:15+00:00,1763714415.000000,145.000000
2025-11-21T08:40:16+00:00,1763714416.000000,4911.000000
2025-11-21T08:40:17+00:00,1763714417.000000,794.000000
2025-11-21T08:40:18+00:00,1763714418.000000,244.000000
2025-11-21T08:40:19+00:00,1763714419.000000,7730.000000
2025-11-21T08:40:20+00:00,1763714420.000000,60.000000
2025-11-21T08:40:21+00:00,1763714421.000000,5246.000000
2025-11-21T08:40:22+00:00,1763714422.000000,424.000000
2025-11-21T08:40:23+00:00,1763714423.000000,7624.000000
2025-11-21T08:40:24+00:00,1763714424.000000,2598.000000
2025-11-21T08:40:25+00:00,1763714425.000000,4462.000000
2025-11-21T08:40:26+00:00,1763714426.000000,9564.000000
2025-11-21T08:40:27+00:00,1763714427.000000,6185.000000
2025-11-21T08:40:28+00:00,1763714428.000000,21909.000000
2025-11-21T08:40:29+00:00,1763714429.000000,2060.000000
2025-11-21T08:40:30+00:00,1763714430.000000,35761.000000
2025-11-21T08:40:31+00:00,1763714431.000000,50533.000000
2025-11-21T08:40:32+00:00,1763714432.000000,9121.000000
2025-11-21T08:40:33+00:00,1763714433.000000,72173.000000
2025-11-21T08:40:34+00:00,1763714434.000000,1122.000000
2025-11-21T08:40:35+00:00,1763714435.000000,5680.000000
2025-11-21T08:40:36+00:00,1763714436.000000,1160.000000
2025-11-21T08:40:37+00:00,1763714437.000000,5035.000000
2025-11-21T08:40:38+00:00,1763714438.000000,2698.000000
2025-11-21T08:40:39+00:00,1763714439.000000,5155.000000
2025-11-21T08:40:40+00:00,1763714440.000000,392.000000
2025-11-21T08:40:41+00:00,1763714441.000000,964.000000
2025-11-21T08:40:42+00:00,1763714442.000000,7490.000000
2025-11-21T08:40:43+00:00,1763714443.000000,240.000000
2025-11-21T08:40:44+00:00,1763714444.000000,17052.000000
2025-11-21T08:40:45+00:00,1763714445.000000,643.000000
2025-11-21T08:40:46+00:00,1763714446.000000,7996.000000
2025-11-21T08:40:47+00:00,1763714447.000000,836.000000
2025-11-21T08:40:48+00:00,1763714448.000000,784.000000
2025-11-21T08:40:49+00:00,1763714449.000000,5155.000000
2025-11-21T08:40:50+00:00,1763714450.000000,1091.000000
2025-11-21T08:40:51+00:00,1763714451.000000,8009.000000
2025-11-21T08:40:52+00:00,1763714452.000000,1117.000000
2025-11-21T08:40:53+00:00,1763714453.000000,540.000000
2025-11-21T08:40:54+00:00,1763714454.000000,5607.000000
2025-11-21T08:40:55+00:00,1763714455.000000,304.000000
2025-11-21T08:40:56+00:00,1763714456.000000,7998.000000
2025-11-21T08:40:57+00:00,1763714457.000000,1060.000000
2025-11-21T08:40:58+00:00,1763714458.000000,240.000000
2025-11-21T08:40:59+00:00,1763714459.000000,7484.000000
2025-11-21T08:41:00+00:00,1763714460.000000,212.000000
2025-11-21T08:41:01+00:00,1763714461.000000,11249.000000
2025-11-21T08:41:02+00:00,1763714462.000000,20960.000000
2025-11-21T08:41:04+00:00,1763714464.000000,3335.000000
2025-11-21T08:41:05+00:00,1763714465.000000,240.000000
2025-11-21T08:41:06+00:00,1763714466.000000,5643.000000
2025-11-21T08:41:07+00:00,1763714467.000000,298.000000
2025-11-21T08:41:08+00:00,1763714468.000000,5519.000000
2025-11-21T08:41:09+00:00,1763714469.000000,436.000000
2025-11-21T08:41:10+00:00,1763714470.000000,5223.000000
2025-11-21T08:41:11+00:00,1763714471.000000,516.000000
2025-11-21T08:41:12+00:00,1763714472.000000,7578.000000
2025-11-21T08:41:13+00:00,1763714473.000000,1406.000000
2025-11-21T08:41:14+00:00,1763714474.000000,300.000000
2025-11-21T08:41:15+00:00,1763714475.000000,5511.000000
2025-11-21T08:41:16+00:00,1763714476.000000,495.000000
2025-11-21T08:41:17+00:00,1763714477.000000,8271.000000
2025-11-21T08:41:18+00:00,1763714478.000000,991.000000
2025-11-21T08:41:19+00:00,1763714479.000000,240.000000
2025-11-21T08:41:20+00:00,1763714480.000000,5342.000000
2025-11-21T08:41:21+00:00,1763714481.000000,510.000000
2025-11-21T08:41:22+00:00,1763714482.000000,7946.000000
2025-11-21T08:41:23+00:00,1763714483.000000,9314.000000
2025-11-21T08:41:24+00:00,1763714484.000000,3122.000000
2025-11-21T08:41:25+00:00,1763714485.000000,6919.000000
2025-11-21T08:41:26+00:00,1763714486.000000,605.000000
2025-11-21T08:41:27+00:00,1763714487.000000,4975.000000
2025-11-21T08:41:28+00:00,1763714488.000000,728.000000
2025-11-21T08:41:29+00:00,1763714489.000000,20795.000000
2025-11-21T08:41:30+00:00,1763714490.000000,1481.000000
2025-11-21T08:41:31+00:00,1763714491.000000,19014.000000
2025-11-21T08:41:32+00:00,1763714492.000000,32780.000000
2025-11-21T08:41:33+00:00,1763714493.000000,40734.000000
2025-11-21T08:41:34+00:00,1763714494.000000,5336.000000
2025-11-21T08:41:35+00:00,1763714495.000000,2253.000000
2025-11-21T08:41:36+00:00,1763714496.000000,5275.000000
2025-11-21T08:41:37+00:00,1763714497.000000,212.000000
2025-11-21T08:41:38+00:00,1763714498.000000,7634.000000
2025-11-21T08:41:39+00:00,1763714499.000000,983.000000
2025-11-21T08:41:40+00:00,1763714500.000000,728.000000
2025-11-21T08:41:41+00:00,1763714501.000000,5327.000000
2025-11-21T08:41:42+00:00,1763714502.000000,544.000000
2025-11-21T08:41:43+00:00,1763714503.000000,7818.000000
2025-11-21T08:41:44+00:00,1763714504.000000,715.000000
2025-11-21T08:41:45+00:00,1763714505.000000,484.000000
2025-11-21T08:41:46+00:00,1763714506.000000,5491.000000
2025-11-21T08:41:48+00:00,1763714508.000000,5142.000000
2025-11-21T08:41:49+00:00,1763714509.000000,1037.000000
2025-11-21T08:41:50+00:00,1763714510.000000,146.000000
2025-11-21T08:41:51+00:00,1763714511.000000,13012.000000
2025-11-21T08:41:52+00:00,1763714512.000000,3945.000000
2025-11-21T08:41:53+00:00,1763714513.000000,7858.000000
2025-11-21T08:41:54+00:00,1763714514.000000,60.000000
2025-11-21T08:41:55+00:00,1763714515.000000,60.000000
2025-11-21T08:41:56+00:00,1763714516.000000,7454.000000
2025-11-21T08:41:57+00:00,1763714517.000000,795.000000
2025-11-21T08:41:58+00:00,1763714518.000000,120.000000
2025-11-21T08:41:59+00:00,1763714519.000000,5437.000000
2025-11-21T08:42:00+00:00,1763714520.000000,572.000000
2025-11-21T08:42:01+00:00,1763714521.000000,7588.000000
2025-11-21T08:42:02+00:00,1763714522.000000,413.000000
2025-11-21T08:42:03+00:00,1763714523.000000,11723.000000
2025-11-21T08:42:04+00:00,1763714524.000000,19371.000000
2025-11-21T08:42:05+00:00,1763714525.000000,664.000000
2025-11-21T08:42:06+00:00,1763714526.000000,7844.000000
2025-11-21T08:42:07+00:00,1763714527.000000,211.000000
2025-11-21T08:42:08+00:00,1763714528.000000,994.000000
2025-11-21T08:42:09+00:00,1763714529.000000,5704.000000
2025-11-21T08:42:10+00:00,1763714530.000000,697.000000
2025-11-21T08:42:11+00:00,1763714531.000000,5519.000000
2025-11-21T08:42:12+00:00,1763714532.000000,1136.000000
2025-11-21T08:42:13+00:00,1763714533.000000,8392.000000
2025-11-21T08:42:14+00:00,1763714534.000000,398.000000
2025-11-21T08:42:15+00:00,1763714535.000000,245.000000
2025-11-21T08:42:16+00:00,1763714536.000000,5455.000000
2025-11-21T08:42:17+00:00,1763714537.000000,665.000000
2025-11-21T08:42:18+00:00,1763714538.000000,8512.000000
2025-11-21T08:42:19+00:00,1763714539.000000,330.000000
2025-11-21T08:42:21+00:00,1763714541.000000,3070.000000
2025-11-21T08:42:22+00:00,1763714542.000000,660.000000
2025-11-21T08:42:23+00:00,1763714543.000000,8613.000000
2025-11-21T08:42:24+00:00,1763714544.000000,304.000000
2025-11-21T08:42:25+00:00,1763714545.000000,1357.000000
2025-11-21T08:42:26+00:00,1763714546.000000,5275.000000
2025-11-21T08:42:27+00:00,1763714547.000000,326.000000
2025-11-21T08:42:28+00:00,1763714548.000000,7515.000000
2025-11-21T08:42:29+00:00,1763714549.000000,13658.000000
2025-11-21T08:42:30+00:00,1763714550.000000,795.000000
2025-11-21T08:42:31+00:00,1763714551.000000,12436.000000
2025-11-21T08:42:32+00:00,1763714552.000000,1278.000000
2025-11-21T08:42:33+00:00,1763714553.000000,5900.000000
2025-11-21T08:42:34+00:00,1763714554.000000,19296.000000
2025-11-21T08:42:35+00:00,1763714555.000000,35355.000000
2025-11-21T08:42:36+00:00,1763714556.000000,628.000000
2025-11-21T08:42:37+00:00,1763714557.000000,1490.000000
2025-11-21T08:42:38+00:00,1763714558.000000,5003.000000
2025-11-21T08:42:39+00:00,1763714559.000000,272.000000
2025-11-21T08:42:40+00:00,1763714560.000000,5317.000000
2025-11-21T08:42:41+00:00,1763714561.000000,1405.000000
2025-11-21T08:42:42+00:00,1763714562.000000,6902.000000
2025-11-21T08:42:43+00:00,1763714563.000000,8737.000000
2025-11-21T08:42:44+00:00,1763714564.000000,472.000000
2025-11-21T08:42:45+00:00,1763714565.000000,6066.000000
2025-11-21T08:42:46+00:00,1763714566.000000,1024.000000
2025-11-21T08:42:47+00:00,1763714567.000000,5643.000000
2025-11-21T08:42:48+00:00,1763714568.000000,854.000000
2025-11-21T08:42:49+00:00,1763714569.000000,5215.000000
2025-11-21T08:42:50+00:00,1763714570.000000,816.000000
2025-11-21T08:42:51+00:00,1763714571.000000,7423.000000
2025-11-21T08:42:52+00:00,1763714572.000000,561.000000
2025-11-21T08:42:53+00:00,1763714573.000000,660.000000
2025-11-21T08:42:54+00:00,1763714574.000000,5340.000000
2025-11-21T08:42:55+00:00,1763714575.000000,60.000000
2025-11-21T08:42:56+00:00,1763714576.000000,5343.000000
2025-11-21T08:42:57+00:00,1763714577.000000,852.000000
2025-11-21T08:42:58+00:00,1763714578.000000,7982.000000
2025-11-21T08:42:59+00:00,1763714579.000000,574.000000
2025-11-21T08:43:00+00:00,1763714580.000000,833.000000
2025-11-21T08:43:01+00:00,1763714581.000000,5706.000000
2025-11-21T08:43:02+00:00,1763714582.000000,424.000000
2025-11-21T08:43:03+00:00,1763714583.000000,5122.000000
2025-11-21T08:43:04+00:00,1763714584.000000,327.000000
2025-11-21T08:43:05+00:00,1763714585.000000,20991.000000
2025-11-21T08:43:06+00:00,1763714586.000000,5766.000000
2025-11-21T08:43:07+00:00,1763714587.000000,474.000000
2025-11-21T08:43:08+00:00,1763714588.000000,5210.000000
2025-11-21T08:43:09+00:00,1763714589.000000,485.000000
2025-11-21T08:43:10+00:00,1763714590.000000,7638.000000
2025-11-21T08:43:11+00:00,1763714591.000000,816.000000
2025-11-21T08:43:13+00:00,1763714593.000000,2743.000000
2025-11-21T08:43:14+00:00,1763714594.000000,574.000000
2025-11-21T08:43:15+00:00,1763714595.000000,7604.000000
2025-11-21T08:43:16+00:00,1763714596.000000,555.000000
2025-11-21T08:43:17+00:00,1763714597.000000,240.000000
2025-11-21T08:43:18+00:00,1763714598.000000,7490.000000
2025-11-21T08:43:19+00:00,1763714599.000000,294.000000
2025-11-21T08:43:20+00:00,1763714600.000000,60.000000
2025-11-21T08:43:21+00:00,1763714601.000000,4975.000000
2025-11-21T08:43:22+00:00,1763714602.000000,2099.000000
2025-11-21T08:43:23+00:00,1763714603.000000,7630.000000
2025-11-21T08:43:24+00:00,1763714604.000000,468.000000
2025-11-21T08:43:25+00:00,1763714605.000000,484.000000
2025-11-21T08:43:26+00:00,1763714606.000000,5665.000000
2025-11-21T08:43:27+00:00,1763714607.000000,244.000000
2025-11-21T08:43:28+00:00,1763714608.000000,5636.000000
2025-11-21T08:43:29+00:00,1763714609.000000,124.000000
2025-11-21T08:43:30+00:00,1763714610.000000,5491.000000
2025-11-21T08:43:31+00:00,1763714611.000000,1034.000000
2025-11-21T08:43:32+00:00,1763714612.000000,7454.000000
2025-11-21T08:43:33+00:00,1763714613.000000,508.000000
2025-11-21T08:43:34+00:00,1763714614.000000,420.000000
2025-11-21T08:43:35+00:00,1763714615.000000,6406.000000
2025-11-21T08:43:36+00:00,1763714616.000000,10049.000000
2025-11-21T08:43:37+00:00,1763714617.000000,36035.000000
2025-11-21T08:43:38+00:00,1763714618.000000,700.000000
2025-11-21T08:43:39+00:00,1763714619.000000,1799.000000
2025-11-21T08:43:40+00:00,1763714620.000000,7642.000000
2025-11-21T08:43:41+00:00,1763714621.000000,721.000000
2025-11-21T08:43:42+00:00,1763714622.000000,538.000000
2025-11-21T08:43:43+00:00,1763714623.000000,5275.000000
2025-11-21T08:43:44+00:00,1763714624.000000,702.000000
2025-11-21T08:43:45+00:00,1763714625.000000,5035.000000
2025-11-21T08:43:46+00:00,1763714626.000000,1748.000000
2025-11-21T08:43:47+00:00,1763714627.000000,7649.000000
2025-11-21T08:43:48+00:00,1763714628.000000,2044.000000
2025-11-21T08:43:49+00:00,1763714629.000000,146.000000
2025-11-21T08:43:50+00:00,1763714630.000000,5021.000000
2025-11-21T08:43:51+00:00,1763714631.000000,1860.000000
2025-11-21T08:43:52+00:00,1763714632.000000,5367.000000
2025-11-21T08:43:53+00:00,1763714633.000000,544.000000
2025-11-21T08:43:54+00:00,1763714634.000000,7514.000000
2025-11-21T08:43:55+00:00,1763714635.000000,566.000000
2025-11-21T08:43:56+00:00,1763714636.000000,784.000000
2025-11-21T08:43:57+00:00,1763714637.000000,7822.000000
2025-11-21T08:43:58+00:00,1763714638.000000,431.000000
2025-11-21T08:43:59+00:00,1763714639.000000,244.000000
2025-11-21T08:44:00+00:00,1763714640.000000,5687.000000
2025-11-21T08:44:02+00:00,1763714642.000000,5491.000000
2025-11-21T08:44:03+00:00,1763714643.000000,19637.000000
2025-11-21T08:44:04+00:00,1763714644.000000,60.000000
2025-11-21T08:44:05+00:00,1763714645.000000,7544.000000
2025-11-21T08:44:06+00:00,1763714646.000000,646.000000
2025-11-21T08:44:07+00:00,1763714647.000000,12156.000000
2025-11-21T08:44:08+00:00,1763714648.000000,20367.000000
2025-11-21T08:44:09+00:00,1763714649.000000,2413.000000
2025-11-21T08:44:10+00:00,1763714650.000000,240.000000
2025-11-21T08:44:11+00:00,1763714651.000000,5522.000000
2025-11-21T08:44:12+00:00,1763714652.000000,124.000000
2025-11-21T08:44:13+00:00,1763714653.000000,5432.000000
2025-11-21T08:44:14+00:00,1763714654.000000,120.000000
2025-11-21T08:44:15+00:00,1763714655.000000,5335.000000
2025-11-21T08:44:16+00:00,1763714656.000000,938.000000
2025-11-21T08:44:17+00:00,1763714657.000000,5224.000000
2025-11-21T08:44:18+00:00,1763714658.000000,244.000000
2025-11-21T08:44:19+00:00,1763714659.000000,540.000000
2025-11-21T08:44:20+00:00,1763714660.000000,5490.000000
2025-11-21T08:44:21+00:00,1763714661.000000,86.000000
2025-11-21T08:44:22+00:00,1763714662.000000,8036.000000
2025-11-21T08:44:23+00:00,1763714663.000000,410.000000
2025-11-21T08:44:24+00:00,1763714664.000000,5693.000000
2025-11-21T08:44:25+00:00,1763714665.000000,460.000000
2025-11-21T08:44:26+00:00,1763714666.000000,7676.000000
2025-11-21T08:44:27+00:00,1763714667.000000,545.000000
2025-11-21T08:44:28+00:00,1763714668.000000,386.000000
2025-11-21T08:44:29+00:00,1763714669.000000,7706.000000
2025-11-21T08:44:30+00:00,1763714670.000000,763.000000
2025-11-21T08:44:31+00:00,1763714671.000000,485.000000
2025-11-21T08:44:32+00:00,1763714672.000000,5614.000000
2025-11-21T08:44:33+00:00,1763714673.000000,240.000000
2025-11-21T08:44:34+00:00,1763714674.000000,7857.000000
2025-11-21T08:44:35+00:00,1763714675.000000,60.000000
2025-11-21T08:44:36+00:00,1763714676.000000,780.000000
2025-11-21T08:44:37+00:00,1763714677.000000,484.000000
2025-11-21T08:44:38+00:00,1763714678.000000,29132.000000
2025-11-21T08:44:39+00:00,1763714679.000000,20377.000000
2025-11-21T08:44:40+00:00,1763714680.000000,7814.000000
2025-11-21T08:44:41+00:00,1763714681.000000,1894.000000
2025-11-21T08:44:42+00:00,1763714682.000000,480.000000
2025-11-21T08:44:43+00:00,1763714683.000000,5520.000000
2025-11-21T08:44:44+00:00,1763714684.000000,60.000000
2025-11-21T08:44:45+00:00,1763714685.000000,5963.000000
2025-11-21T08:44:46+00:00,1763714686.000000,540.000000
2025-11-21T08:44:47+00:00,1763714687.000000,7581.000000
2025-11-21T08:44:48+00:00,1763714688.000000,513.000000
2025-11-21T08:44:49+00:00,1763714689.000000,12571.000000
2025-11-21T08:44:50+00:00,1763714690.000000,8784.000000
2025-11-21T08:44:51+00:00,1763714691.000000,1247.000000
2025-11-21T08:44:52+00:00,1763714692.000000,8781.000000
2025-11-21T08:44:53+00:00,1763714693.000000,1928.000000
2025-11-21T08:44:54+00:00,1763714694.000000,273.000000
2025-11-21T08:44:55+00:00,1763714695.000000,5383.000000
2025-11-21T08:44:56+00:00,1763714696.000000,2129.000000
2025-11-21T08:44:57+00:00,1763714697.000000,5640.000000
2025-11-21T08:44:58+00:00,1763714698.000000,60.000000
2025-11-21T08:44:59+00:00,1763714699.000000,7985.000000
2025-11-21T08:45:00+00:00,1763714700.000000,613.000000
2025-11-21T08:45:01+00:00,1763714701.000000,309.000000
2025-11-21T08:45:02+00:00,1763714702.000000,5640.000000
2025-11-21T08:45:03+00:00,1763714703.000000,694.000000
2025-11-21T08:45:04+00:00,1763714704.000000,5215.000000
2025-11-21T08:45:05+00:00,1763714705.000000,549.000000
2025-11-21T08:45:06+00:00,1763714706.000000,7814.000000
2025-11-21T08:45:07+00:00,1763714707.000000,394.000000
2025-11-21T08:45:08+00:00,1763714708.000000,668.000000
2025-11-21T08:45:09+00:00,1763714709.000000,11547.000000
2025-11-21T08:45:10+00:00,1763714710.000000,18108.000000
2025-11-21T08:45:11+00:00,1763714711.000000,47630.000000
2025-11-21T08:45:12+00:00,1763714712.000000,537.000000
2025-11-21T08:45:13+00:00,1763714713.000000,452.000000
2025-11-21T08:45:14+00:00,1763714714.000000,240.000000
2025-11-21T08:45:15+00:00,1763714715.000000,17582.000000
2025-11-21T08:45:16+00:00,1763714716.000000,43960.000000
2025-11-21T08:45:17+00:00,1763714717.000000,1475.000000
2025-11-21T08:45:18+00:00,1763714718.000000,1226.000000
2025-11-21T08:45:19+00:00,1763714719.000000,9138.000000
2025-11-21T08:45:20+00:00,1763714720.000000,300.000000
2025-11-21T08:45:21+00:00,1763714721.000000,1096.000000
2025-11-21T08:45:22+00:00,1763714722.000000,6589.000000
2025-11-21T08:45:23+00:00,1763714723.000000,547.000000
2025-11-21T08:45:24+00:00,1763714724.000000,7564.000000
2025-11-21T08:45:25+00:00,1763714725.000000,1366.000000
2025-11-21T08:45:26+00:00,1763714726.000000,424.000000
2025-11-21T08:45:27+00:00,1763714727.000000,10322.000000
2025-11-21T08:45:28+00:00,1763714728.000000,10854.000000
2025-11-21T08:45:29+00:00,1763714729.000000,7764.000000
2025-11-21T08:45:30+00:00,1763714730.000000,350.000000
2025-11-21T08:45:31+00:00,1763714731.000000,7680.000000
2025-11-21T08:45:32+00:00,1763714732.000000,692.000000
2025-11-21T08:45:33+00:00,1763714733.000000,78235.000000
2025-11-21T08:45:34+00:00,1763714734.000000,5211.000000
2025-11-21T08:45:35+00:00,1763714735.000000,775.000000
2025-11-21T08:45:36+00:00,1763714736.000000,7459.000000
2025-11-21T08:45:37+00:00,1763714737.000000,544.000000
2025-11-21T08:45:38+00:00,1763714738.000000,2953.000000
2025-11-21T08:45:39+00:00,1763714739.000000,5275.000000
2025-11-21T08:45:40+00:00,1763714740.000000,16772.000000
2025-11-21T08:45:41+00:00,1763714741.000000,23912.000000
2025-11-21T08:45:42+00:00,1763714742.000000,1678.000000
2025-11-21T08:45:43+00:00,1763714743.000000,784.000000
2025-11-21T08:45:44+00:00,1763714744.000000,5875.000000
2025-11-21T08:45:45+00:00,1763714745.000000,808.000000
2025-11-21T08:45:46+00:00,1763714746.000000,19743.000000
2025-11-21T08:45:47+00:00,1763714747.000000,1744.000000
2025-11-21T08:45:48+00:00,1763714748.000000,5862.000000
2025-11-21T08:45:49+00:00,1763714749.000000,844.000000
2025-11-21T08:45:50+00:00,1763714750.000000,5035.000000
2025-11-21T08:45:51+00:00,1763714751.000000,632.000000
2025-11-21T08:45:52+00:00,1763714752.000000,7334.000000
2025-11-21T08:45:53+00:00,1763714753.000000,619.000000
2025-11-21T08:45:54+00:00,1763714754.000000,480.000000
2025-11-21T08:45:55+00:00,1763714755.000000,4975.000000
2025-11-21T08:45:56+00:00,1763714756.000000,276.000000
2025-11-21T08:45:57+00:00,1763714757.000000,7334.000000
2025-11-21T08:45:58+00:00,1763714758.000000,2690.000000
2025-11-21T08:45:59+00:00,1763714759.000000,35105.000000
2025-11-21T08:46:00+00:00,1763714760.000000,7696.000000
2025-11-21T08:46:01+00:00,1763714761.000000,7685.000000
2025-11-21T08:46:02+00:00,1763714762.000000,360.000000
2025-11-21T08:46:03+00:00,1763714763.000000,16822.000000
2025-11-21T08:46:04+00:00,1763714764.000000,37311.000000
2025-11-21T08:46:05+00:00,1763714765.000000,5582.000000
2025-11-21T08:46:06+00:00,1763714766.000000,980.000000
2025-11-21T08:46:07+00:00,1763714767.000000,7955.000000
2025-11-21T08:46:08+00:00,1763714768.000000,828.000000
2025-11-21T08:46:09+00:00,1763714769.000000,1041.000000
2025-11-21T08:46:10+00:00,1763714770.000000,5095.000000
2025-11-21T08:46:11+00:00,1763714771.000000,15552.000000
2025-11-21T08:46:12+00:00,1763714772.000000,31529.000000
2025-11-21T08:46:13+00:00,1763714773.000000,1554.000000
2025-11-21T08:46:14+00:00,1763714774.000000,151.000000
2025-11-21T08:46:15+00:00,1763714775.000000,7478.000000
2025-11-21T08:46:16+00:00,1763714776.000000,2099.000000
2025-11-21T08:46:17+00:00,1763714777.000000,420.000000
2025-11-21T08:46:18+00:00,1763714778.000000,4975.000000
2025-11-21T08:46:19+00:00,1763714779.000000,2044.000000
2025-11-21T08:46:20+00:00,1763714780.000000,272.000000
2025-11-21T08:46:21+00:00,1763714781.000000,36263.000000
2025-11-21T08:46:22+00:00,1763714782.000000,130.000000
2025-11-21T08:46:23+00:00,1763714783.000000,5565.000000
2025-11-21T08:46:24+00:00,1763714784.000000,368.000000
2025-11-21T08:46:25+00:00,1763714785.000000,5656.000000
2025-11-21T08:46:27+00:00,1763714787.000000,2683.000000
2025-11-21T08:46:28+00:00,1763714788.000000,1474.000000
2025-11-21T08:46:29+00:00,1763714789.000000,7334.000000
2025-11-21T08:46:30+00:00,1763714790.000000,2878.000000
2025-11-21T08:46:31+00:00,1763714791.000000,12067.000000
2025-11-21T08:46:32+00:00,1763714792.000000,6794.000000
2025-11-21T08:46:33+00:00,1763714793.000000,358.000000
2025-11-21T08:46:34+00:00,1763714794.000000,6563.000000
2025-11-21T08:46:35+00:00,1763714795.000000,346.000000
2025-11-21T08:46:36+00:00,1763714796.000000,7274.000000
2025-11-21T08:46:37+00:00,1763714797.000000,551.000000
2025-11-21T08:46:38+00:00,1763714798.000000,304.000000
2025-11-21T08:46:39+00:00,1763714799.000000,5395.000000
2025-11-21T08:46:40+00:00,1763714800.000000,386.000000
2025-11-21T08:46:41+00:00,1763714801.000000,5035.000000
2025-11-21T08:46:42+00:00,1763714802.000000,14012.000000
2025-11-21T08:46:43+00:00,1763714803.000000,21725.000000
2025-11-21T08:46:44+00:00,1763714804.000000,670.000000
2025-11-21T08:46:45+00:00,1763714805.000000,884.000000
2025-11-21T08:46:46+00:00,1763714806.000000,8186.000000
2025-11-21T08:46:47+00:00,1763714807.000000,86.000000
2025-11-21T08:46:48+00:00,1763714808.000000,420.000000
2025-11-21T08:46:49+00:00,1763714809.000000,416.000000
2025-11-21T08:46:50+00:00,1763714810.000000,7897.000000
2025-11-21T08:46:51+00:00,1763714811.000000,248.000000
2025-11-21T08:46:52+00:00,1763714812.000000,5583.000000
2025-11-21T08:46:53+00:00,1763714813.000000,512.000000
2025-11-21T08:46:54+00:00,1763714814.000000,21237.000000
2025-11-21T08:46:55+00:00,1763714815.000000,386.000000
2025-11-21T08:46:56+00:00,1763714816.000000,5410.000000
2025-11-21T08:46:57+00:00,1763714817.000000,64.000000
2025-11-21T08:46:58+00:00,1763714818.000000,8180.000000
2025-11-21T08:46:59+00:00,1763714819.000000,396.000000
2025-11-21T08:47:00+00:00,1763714820.000000,180.000000
2025-11-21T08:47:01+00:00,1763714821.000000,5155.000000
2025-11-21T08:47:02+00:00,1763714822.000000,526.000000
2025-11-21T08:47:03+00:00,1763714823.000000,8022.000000
2025-11-21T08:47:04+00:00,1763714824.000000,562.000000
2025-11-21T08:47:05+00:00,1763714825.000000,300.000000
2025-11-21T08:47:06+00:00,1763714826.000000,5635.000000
2025-11-21T08:47:07+00:00,1763714827.000000,718.000000
2025-11-21T08:47:08+00:00,1763714828.000000,5467.000000
2025-11-21T08:47:09+00:00,1763714829.000000,844.000000
2025-11-21T08:47:10+00:00,1763714830.000000,5215.000000
2025-11-21T08:47:11+00:00,1763714831.000000,516.000000
2025-11-21T08:47:12+00:00,1763714832.000000,7342.000000
2025-11-21T08:47:13+00:00,1763714833.000000,9087.000000
2025-11-21T08:47:14+00:00,1763714834.000000,36307.000000
2025-11-21T08:47:15+00:00,1763714835.000000,5395.000000
2025-11-21T08:47:16+00:00,1763714836.000000,1527.000000
2025-11-21T08:47:17+00:00,1763714837.000000,5435.000000
2025-11-21T08:47:18+00:00,1763714838.000000,506.000000
2025-11-21T08:47:19+00:00,1763714839.000000,4997.000000
2025-11-21T08:47:20+00:00,1763714840.000000,606.000000
2025-11-21T08:47:21+00:00,1763714841.000000,5095.000000
2025-11-21T08:47:22+00:00,1763714842.000000,429.000000
2025-11-21T08:47:23+00:00,1763714843.000000,7924.000000
2025-11-21T08:47:24+00:00,1763714844.000000,942.000000
2025-11-21T08:47:25+00:00,1763714845.000000,672.000000
2025-11-21T08:47:26+00:00,1763714846.000000,5275.000000
2025-11-21T08:47:27+00:00,1763714847.000000,272.000000
2025-11-21T08:47:28+00:00,1763714848.000000,8655.000000
2025-11-21T08:47:29+00:00,1763714849.000000,424.000000
2025-11-21T08:47:30+00:00,1763714850.000000,60.000000
2025-11-21T08:47:31+00:00,1763714851.000000,5132.000000
2025-11-21T08:47:32+00:00,1763714852.000000,624.000000
2025-11-21T08:47:33+00:00,1763714853.000000,8391.000000
2025-11-21T08:47:34+00:00,1763714854.000000,502.000000
2025-11-21T08:47:35+00:00,1763714855.000000,230.000000
2025-11-21T08:47:36+00:00,1763714856.000000,4975.000000
2025-11-21T08:47:37+00:00,1763714857.000000,23029.000000
2025-11-21T08:47:38+00:00,1763714858.000000,17689.000000
2025-11-21T08:47:39+00:00,1763714859.000000,7880.000000
2025-11-21T08:47:40+00:00,1763714860.000000,12820.000000
2025-11-21T08:47:41+00:00,1763714861.000000,7668.000000
2025-11-21T08:47:42+00:00,1763714862.000000,2094.000000
2025-11-21T08:47:43+00:00,1763714863.000000,5839.000000
2025-11-21T08:47:44+00:00,1763714864.000000,21986.000000
2025-11-21T08:47:45+00:00,1763714865.000000,5893.000000
2025-11-21T08:47:46+00:00,1763714866.000000,488.000000
2025-11-21T08:47:47+00:00,1763714867.000000,7549.000000
2025-11-21T08:47:48+00:00,1763714868.000000,511.000000
2025-11-21T08:47:49+00:00,1763714869.000000,240.000000
2025-11-21T08:47:50+00:00,1763714870.000000,5275.000000
2025-11-21T08:47:51+00:00,1763714871.000000,986.000000
2025-11-21T08:47:52+00:00,1763714872.000000,5095.000000
2025-11-21T08:47:53+00:00,1763714873.000000,618.000000
2025-11-21T08:47:54+00:00,1763714874.000000,7922.000000
2025-11-21T08:47:55+00:00,1763714875.000000,865.000000
2025-11-21T08:47:56+00:00,1763714876.000000,428.000000
2025-11-21T08:47:57+00:00,1763714877.000000,5287.000000
2025-11-21T08:47:58+00:00,1763714878.000000,630.000000
2025-11-21T08:47:59+00:00,1763714879.000000,5035.000000
2025-11-21T08:48:00+00:00,1763714880.000000,365.000000
2025-11-21T08:48:01+00:00,1763714881.000000,4972.000000
2025-11-21T08:48:02+00:00,1763714882.000000,484.000000
2025-11-21T08:48:03+00:00,1763714883.000000,7916.000000
2025-11-21T08:48:04+00:00,1763714884.000000,3903.000000
2025-11-21T08:48:05+00:00,1763714885.000000,2158.000000
2025-11-21T08:48:06+00:00,1763714886.000000,5282.000000
2025-11-21T08:48:07+00:00,1763714887.000000,183989.000000
2025-11-21T08:48:08+00:00,1763714888.000000,5249.000000
2025-11-21T08:48:09+00:00,1763714889.000000,13819.000000
2025-11-21T08:48:10+00:00,1763714890.000000,7602.000000
2025-11-21T08:48:11+00:00,1763714891.000000,1512.000000
2025-11-21T08:48:12+00:00,1763714892.000000,360.000000
2025-11-21T08:48:13+00:00,1763714893.000000,5381.000000
2025-11-21T08:48:14+00:00,1763714894.000000,369.000000
2025-11-21T08:48:15+00:00,1763714895.000000,13069.000000
2025-11-21T08:48:16+00:00,1763714896.000000,23053.000000
2025-11-21T08:48:17+00:00,1763714897.000000,1079.000000
2025-11-21T08:48:18+00:00,1763714898.000000,7760.000000
2025-11-21T08:48:19+00:00,1763714899.000000,19633.000000
2025-11-21T08:48:20+00:00,1763714900.000000,29795.000000
2025-11-21T08:48:21+00:00,1763714901.000000,2687.000000
2025-11-21T08:48:22+00:00,1763714902.000000,64.000000
2025-11-21T08:48:23+00:00,1763714903.000000,5539.000000
2025-11-21T08:48:24+00:00,1763714904.000000,972.000000
2025-11-21T08:48:25+00:00,1763714905.000000,4971.000000
2025-11-21T08:48:26+00:00,1763714906.000000,1217.000000
2025-11-21T08:48:27+00:00,1763714907.000000,424.000000
2025-11-21T08:48:28+00:00,1763714908.000000,7424.000000
2025-11-21T08:48:29+00:00,1763714909.000000,2024.000000
2025-11-21T08:48:30+00:00,1763714910.000000,766.000000
2025-11-21T08:48:31+00:00,1763714911.000000,60.000000
2025-11-21T08:48:32+00:00,1763714912.000000,300.000000
2025-11-21T08:48:33+00:00,1763714913.000000,240.000000
2025-11-21T08:48:34+00:00,1763714914.000000,784.000000
2025-11-21T08:48:35+00:00,1763714915.000000,971.000000
2025-11-21T08:48:36+00:00,1763714916.000000,244.000000
2025-11-21T08:52:52+00:00,1763715172.000000,2562.000000
2025-11-21T08:52:53+00:00,1763715173.000000,810.000000
2025-11-21T08:52:54+00:00,1763715174.000000,1076.000000
2025-11-21T08:52:55+00:00,1763715175.000000,2014.000000
2025-11-21T08:52:56+00:00,1763715176.000000,426.000000
2025-11-21T08:52:57+00:00,1763715177.000000,208.000000
2025-11-21T08:52:58+00:00,1763715178.000000,222.000000
2025-11-21T08:52:59+00:00,1763715179.000000,384.000000
2025-11-21T08:53:00+00:00,1763715180.000000,330.000000
2025-11-21T08:53:01+00:00,1763715181.000000,42.000000
2025-11-21T08:53:02+00:00,1763715182.000000,120.000000
2025-11-21T08:53:03+00:00,1763715183.000000,372.000000
2025-11-21T08:53:46+00:00,1763715226.000000,3028.000000
2025-11-21T08:53:47+00:00,1763715227.000000,1748.000000
2025-11-21T08:53:48+00:00,1763715228.000000,394.000000
2025-11-21T08:53:49+00:00,1763715229.000000,324.000000
2025-11-21T08:53:50+00:00,1763715230.000000,120.000000
2025-11-21T08:53:51+00:00,1763715231.000000,402.000000
2025-11-21T08:53:52+00:00,1763715232.000000,360.000000
2025-11-21T08:53:53+00:00,1763715233.000000,506.000000
2025-11-21T08:53:54+00:00,1763715234.000000,64.000000
2025-11-21T08:53:55+00:00,1763715235.000000,770.000000
2025-11-21T08:53:56+00:00,1763715236.000000,102.000000
2025-11-21T08:53:57+00:00,1763715237.000000,102.000000
2025-11-21T08:53:58+00:00,1763715238.000000,42.000000
2025-11-21T08:54:32+00:00,1763715272.000000,13366.000000
2025-11-21T08:54:33+00:00,1763715273.000000,22920.000000
2025-11-21T08:54:34+00:00,1763715274.000000,350738.000000
2025-11-21T08:54:35+00:00,1763715275.000000,255847.000000
2025-11-21T08:54:36+00:00,1763715276.000000,194613.000000
2025-11-21T08:54:37+00:00,1763715277.000000,44590.000000
2025-11-21T08:54:38+00:00,1763715278.000000,16611.000000
2025-11-21T08:54:39+00:00,1763715279.000000,10010.000000
2025-11-21T08:54:40+00:00,1763715280.000000,9547.000000
2025-11-21T08:54:41+00:00,1763715281.000000,10486.000000
2025-11-21T08:54:42+00:00,1763715282.000000,4662.000000
2025-11-21T08:54:43+00:00,1763715283.000000,9753.000000
2025-11-21T08:54:44+00:00,1763715284.000000,3147.000000
2025-11-21T08:54:45+00:00,1763715285.000000,1207.000000
2025-11-21T08:54:46+00:00,1763715286.000000,20869.000000
2025-11-21T08:54:47+00:00,1763715287.000000,5848.000000
2025-11-21T08:54:48+00:00,1763715288.000000,803.000000
2025-11-21T08:54:49+00:00,1763715289.000000,5691.000000
2025-11-21T08:54:50+00:00,1763715290.000000,20747.000000
2025-11-21T08:54:51+00:00,1763715291.000000,13114.000000
2025-11-21T08:54:52+00:00,1763715292.000000,1412.000000
2025-11-21T08:54:53+00:00,1763715293.000000,2725.000000
2025-11-21T08:54:54+00:00,1763715294.000000,8842.000000
2025-11-21T08:54:55+00:00,1763715295.000000,7454.000000
2025-11-21T08:54:56+00:00,1763715296.000000,60.000000
2025-11-21T08:54:57+00:00,1763715297.000000,8932.000000
2025-11-21T08:54:58+00:00,1763715298.000000,11977.000000
2025-11-21T08:54:59+00:00,1763715299.000000,16684.000000
2025-11-21T08:55:00+00:00,1763715300.000000,2277.000000
2025-11-21T08:55:01+00:00,1763715301.000000,9101.000000
2025-11-21T08:55:02+00:00,1763715302.000000,2239.000000
2025-11-21T08:55:03+00:00,1763715303.000000,54765.000000
2025-11-21T08:55:04+00:00,1763715304.000000,86918.000000
2025-11-21T08:55:05+00:00,1763715305.000000,15976.000000
2025-11-21T08:55:06+00:00,1763715306.000000,15951.000000
2025-11-21T08:55:07+00:00,1763715307.000000,5109.000000
2025-11-21T08:55:08+00:00,1763715308.000000,371.000000
2025-11-21T08:55:09+00:00,1763715309.000000,12141.000000
2025-11-21T08:55:10+00:00,1763715310.000000,41062.000000
2025-11-21T08:55:11+00:00,1763715311.000000,80554.000000
2025-11-21T08:55:12+00:00,1763715312.000000,7303.000000
2025-11-21T08:55:13+00:00,1763715313.000000,2924.000000
2025-11-21T08:55:14+00:00,1763715314.000000,5157.000000
2025-11-21T08:55:15+00:00,1763715315.000000,5427.000000
2025-11-21T08:55:16+00:00,1763715316.000000,6463.000000
2025-11-21T08:55:17+00:00,1763715317.000000,5339.000000
2025-11-21T08:55:18+00:00,1763715318.000000,7438.000000
2025-11-21T08:55:19+00:00,1763715319.000000,3130.000000
2025-11-21T08:55:20+00:00,1763715320.000000,11071.000000
2025-11-21T08:55:21+00:00,1763715321.000000,8593.000000
2025-11-21T08:55:22+00:00,1763715322.000000,734.000000
2025-11-21T08:55:23+00:00,1763715323.000000,7361.000000
2025-11-21T08:55:24+00:00,1763715324.000000,1942.000000
2025-11-21T08:55:25+00:00,1763715325.000000,7267.000000
2025-11-21T08:55:26+00:00,1763715326.000000,855.000000
2025-11-21T08:55:27+00:00,1763715327.000000,15496.000000
2025-11-21T08:55:28+00:00,1763715328.000000,5911.000000
2025-11-21T08:55:29+00:00,1763715329.000000,1513.000000
2025-11-21T08:55:30+00:00,1763715330.000000,5333.000000
2025-11-21T08:55:31+00:00,1763715331.000000,10323.000000
2025-11-21T08:55:32+00:00,1763715332.000000,9967.000000
2025-11-21T08:55:33+00:00,1763715333.000000,98522.000000
2025-11-21T08:55:34+00:00,1763715334.000000,206306.000000
2025-11-21T08:55:35+00:00,1763715335.000000,38867.000000
2025-11-21T08:55:36+00:00,1763715336.000000,65492.000000
2025-11-21T08:55:37+00:00,1763715337.000000,79251.000000
2025-11-21T08:55:39+00:00,1763715339.000000,64.000000
2025-11-21T08:55:40+00:00,1763715340.000000,60.000000
2025-11-21T08:55:41+00:00,1763715341.000000,4911.000000
2025-11-21T08:55:42+00:00,1763715342.000000,435.000000
2025-11-21T08:55:44+00:00,1763715344.000000,8748.000000
2025-11-21T08:55:45+00:00,1763715345.000000,106.000000
2025-11-21T08:55:46+00:00,1763715346.000000,750.000000
2025-11-21T08:55:47+00:00,1763715347.000000,4975.000000
2025-11-21T08:55:48+00:00,1763715348.000000,353.000000
2025-11-21T08:55:49+00:00,1763715349.000000,4911.000000
2025-11-21T08:55:50+00:00,1763715350.000000,516.000000
2025-11-21T08:55:51+00:00,1763715351.000000,439.000000
2025-11-21T08:55:52+00:00,1763715352.000000,7674.000000
2025-11-21T08:55:53+00:00,1763715353.000000,184.000000
2025-11-21T08:55:54+00:00,1763715354.000000,4975.000000
2025-11-21T08:55:55+00:00,1763715355.000000,311.000000
2025-11-21T08:55:56+00:00,1763715356.000000,4911.000000
2025-11-21T08:55:57+00:00,1763715357.000000,570.000000
2025-11-21T08:55:58+00:00,1763715358.000000,120.000000
2025-11-21T08:55:59+00:00,1763715359.000000,7484.000000
2025-11-21T08:56:00+00:00,1763715360.000000,300.000000
2025-11-21T08:56:01+00:00,1763715361.000000,5159.000000
2025-11-21T08:56:02+00:00,1763715362.000000,841.000000
2025-11-21T08:56:03+00:00,1763715363.000000,7544.000000
2025-11-21T08:56:04+00:00,1763715364.000000,206.000000
2025-11-21T08:56:05+00:00,1763715365.000000,396.000000
2025-11-21T08:56:06+00:00,1763715366.000000,4975.000000
2025-11-21T08:56:07+00:00,1763715367.000000,13180.000000
2025-11-21T08:56:08+00:00,1763715368.000000,21596.000000
2025-11-21T08:56:09+00:00,1763715369.000000,1480.000000
2025-11-21T08:56:11+00:00,1763715371.000000,5121.000000
2025-11-21T08:56:12+00:00,1763715372.000000,634.000000
2025-11-21T08:56:13+00:00,1763715373.000000,488.000000
2025-11-21T08:56:14+00:00,1763715374.000000,7402.000000
2025-11-21T08:56:15+00:00,1763715375.000000,425.000000
2025-11-21T08:56:17+00:00,1763715377.000000,2683.000000
2025-11-21T08:56:18+00:00,1763715378.000000,456.000000
2025-11-21T08:56:19+00:00,1763715379.000000,4975.000000
2025-11-21T08:56:20+00:00,1763715380.000000,670.000000
2025-11-21T08:56:21+00:00,1763715381.000000,240.000000
2025-11-21T08:56:22+00:00,1763715382.000000,8270.000000
2025-11-21T08:56:23+00:00,1763715383.000000,829.000000
2025-11-21T08:56:24+00:00,1763715384.000000,5247.000000
2025-11-21T08:56:26+00:00,1763715386.000000,3538.000000
2025-11-21T08:56:27+00:00,1763715387.000000,64.000000
2025-11-21T08:56:28+00:00,1763715388.000000,4975.000000
2025-11-21T08:56:29+00:00,1763715389.000000,206.000000
2025-11-21T08:56:30+00:00,1763715390.000000,4911.000000
2025-11-21T08:56:31+00:00,1763715391.000000,270.000000
2025-11-21T08:56:32+00:00,1763715392.000000,386.000000
2025-11-21T08:56:33+00:00,1763715393.000000,7583.000000
2025-11-21T08:56:34+00:00,1763715394.000000,762.000000
2025-11-21T08:56:35+00:00,1763715395.000000,6121.000000
2025-11-21T08:56:36+00:00,1763715396.000000,752.000000
2025-11-21T08:56:37+00:00,1763715397.000000,30672.000000
2025-11-21T08:56:38+00:00,1763715398.000000,17091.000000
2025-11-21T08:56:39+00:00,1763715399.000000,18922.000000
2025-11-21T08:56:40+00:00,1763715400.000000,5601.000000
2025-11-21T08:56:41+00:00,1763715401.000000,1279.000000
2025-11-21T08:56:42+00:00,1763715402.000000,5270.000000
2025-11-21T08:56:44+00:00,1763715404.000000,5469.000000
2025-11-21T08:56:45+00:00,1763715405.000000,514.000000
2025-11-21T08:56:46+00:00,1763715406.000000,488.000000
2025-11-21T08:56:47+00:00,1763715407.000000,8026.000000
2025-11-21T08:56:48+00:00,1763715408.000000,791.000000
2025-11-21T08:56:49+00:00,1763715409.000000,706.000000
2025-11-21T08:56:50+00:00,1763715410.000000,5561.000000
2025-11-21T08:56:51+00:00,1763715411.000000,342.000000
2025-11-21T08:56:52+00:00,1763715412.000000,5181.000000
2025-11-21T08:56:53+00:00,1763715413.000000,180.000000
2025-11-21T08:56:54+00:00,1763715414.000000,19989.000000
2025-11-21T08:56:55+00:00,1763715415.000000,4471.000000
2025-11-21T08:56:57+00:00,1763715417.000000,2678.000000
2025-11-21T08:56:58+00:00,1763715418.000000,446.000000
2025-11-21T08:56:59+00:00,1763715419.000000,7351.000000
2025-11-21T08:57:00+00:00,1763715420.000000,609.000000
2025-11-21T08:57:01+00:00,1763715421.000000,300.000000
2025-11-21T08:57:02+00:00,1763715422.000000,5373.000000
2025-11-21T08:57:03+00:00,1763715423.000000,474.000000
2025-11-21T08:57:04+00:00,1763715424.000000,5463.000000
2025-11-21T08:57:05+00:00,1763715425.000000,478.000000
2025-11-21T08:57:06+00:00,1763715426.000000,5407.000000
2025-11-21T08:57:07+00:00,1763715427.000000,615.000000
2025-11-21T08:57:09+00:00,1763715429.000000,18989.000000
2025-11-21T08:57:10+00:00,1763715430.000000,17977.000000
2025-11-21T08:57:11+00:00,1763715431.000000,7903.000000
2025-11-21T08:57:12+00:00,1763715432.000000,446.000000
2025-11-21T08:57:13+00:00,1763715433.000000,64.000000
2025-11-21T08:57:14+00:00,1763715434.000000,5251.000000
2025-11-21T08:57:15+00:00,1763715435.000000,184.000000
2025-11-21T08:57:16+00:00,1763715436.000000,7454.000000
2025-11-21T08:57:17+00:00,1763715437.000000,362.000000
2025-11-21T08:57:18+00:00,1763715438.000000,304.000000
2025-11-21T08:57:19+00:00,1763715439.000000,5491.000000
2025-11-21T08:57:20+00:00,1763715440.000000,185.000000
2025-11-21T08:57:21+00:00,1763715441.000000,7398.000000
2025-11-21T08:57:22+00:00,1763715442.000000,731.000000
2025-11-21T08:57:23+00:00,1763715443.000000,60.000000
2025-11-21T08:57:24+00:00,1763715444.000000,5667.000000
2025-11-21T08:57:25+00:00,1763715445.000000,354.000000
2025-11-21T08:57:26+00:00,1763715446.000000,7603.000000
2025-11-21T08:57:27+00:00,1763715447.000000,746.000000
2025-11-21T08:57:28+00:00,1763715448.000000,64.000000
2025-11-21T08:57:29+00:00,1763715449.000000,44583.000000
2025-11-21T08:57:30+00:00,1763715450.000000,240.000000
2025-11-21T08:57:31+00:00,1763715451.000000,29427.000000
2025-11-21T08:57:32+00:00,1763715452.000000,14371.000000
2025-11-21T08:57:33+00:00,1763715453.000000,113443.000000
2025-11-21T08:57:34+00:00,1763715454.000000,15174.000000
2025-11-21T08:57:35+00:00,1763715455.000000,15736.000000
2025-11-21T08:57:36+00:00,1763715456.000000,36992.000000
2025-11-21T08:57:37+00:00,1763715457.000000,1060.000000
2025-11-21T08:57:38+00:00,1763715458.000000,304.000000
2025-11-21T08:57:39+00:00,1763715459.000000,5017.000000
2025-11-21T08:57:40+00:00,1763715460.000000,824.000000
2025-11-21T08:57:41+00:00,1763715461.000000,147133.000000
2025-11-21T08:57:42+00:00,1763715462.000000,14711.000000
2025-11-21T08:57:43+00:00,1763715463.000000,674.000000
2025-11-21T08:57:44+00:00,1763715464.000000,7518.000000
2025-11-21T08:57:45+00:00,1763715465.000000,2416.000000
2025-11-21T08:57:46+00:00,1763715466.000000,180.000000
2025-11-21T08:57:47+00:00,1763715467.000000,6593.000000
2025-11-21T08:57:48+00:00,1763715468.000000,521.000000
2025-11-21T08:57:49+00:00,1763715469.000000,5035.000000
2025-11-21T08:57:50+00:00,1763715470.000000,1804.000000
2025-11-21T08:57:51+00:00,1763715471.000000,4911.000000
2025-11-21T08:57:52+00:00,1763715472.000000,1688.000000
2025-11-21T08:57:53+00:00,1763715473.000000,546.000000
2025-11-21T08:57:54+00:00,1763715474.000000,8009.000000
2025-11-21T08:57:55+00:00,1763715475.000000,460.000000
2025-11-21T08:57:56+00:00,1763715476.000000,5261.000000
2025-11-21T08:57:57+00:00,1763715477.000000,502.000000
2025-11-21T08:57:58+00:00,1763715478.000000,7695.000000
2025-11-21T08:58:00+00:00,1763715480.000000,46.000000
2025-11-21T08:58:01+00:00,1763715481.000000,60.000000
2025-11-21T08:58:02+00:00,1763715482.000000,6722.000000
2025-11-21T08:58:03+00:00,1763715483.000000,255.000000
2025-11-21T08:58:04+00:00,1763715484.000000,5367.000000
2025-11-21T08:58:05+00:00,1763715485.000000,188.000000
2025-11-21T08:58:06+00:00,1763715486.000000,7878.000000
2025-11-21T08:58:07+00:00,1763715487.000000,514.000000
2025-11-21T08:58:08+00:00,1763715488.000000,241.000000
2025-11-21T08:58:09+00:00,1763715489.000000,5280.000000
2025-11-21T08:58:10+00:00,1763715490.000000,244.000000
2025-11-21T08:58:11+00:00,1763715491.000000,20389.000000
2025-11-21T08:58:12+00:00,1763715492.000000,31066.000000
2025-11-21T08:58:13+00:00,1763715493.000000,6840.000000
2025-11-21T08:58:14+00:00,1763715494.000000,10735.000000
2025-11-21T08:58:15+00:00,1763715495.000000,7122.000000
2025-11-21T08:58:16+00:00,1763715496.000000,5035.000000
2025-11-21T08:58:17+00:00,1763715497.000000,1689.000000
2025-11-21T08:58:18+00:00,1763715498.000000,7738.000000
2025-11-21T08:58:19+00:00,1763715499.000000,1689.000000
2025-11-21T08:58:20+00:00,1763715500.000000,305.000000
2025-11-21T08:58:21+00:00,1763715501.000000,7647.000000
2025-11-21T08:58:22+00:00,1763715502.000000,3098.000000
2025-11-21T08:58:24+00:00,1763715504.000000,2841.000000
2025-11-21T08:58:25+00:00,1763715505.000000,1132.000000
2025-11-21T08:58:26+00:00,1763715506.000000,5035.000000
2025-11-21T08:58:27+00:00,1763715507.000000,2056.000000
2025-11-21T08:58:28+00:00,1763715508.000000,230.000000
2025-11-21T08:58:30+00:00,1763715510.000000,145.000000
2025-11-21T08:58:31+00:00,1763715511.000000,2677.000000
2025-11-21T08:58:32+00:00,1763715512.000000,3168.000000
2025-11-21T08:58:34+00:00,1763715514.000000,8988.000000
2025-11-21T08:58:35+00:00,1763715515.000000,19673.000000
2025-11-21T08:58:36+00:00,1763715516.000000,58728.000000
2025-11-21T08:58:37+00:00,1763715517.000000,1052.000000
2025-11-21T08:58:38+00:00,1763715518.000000,353.000000
2025-11-21T08:58:39+00:00,1763715519.000000,17519.000000
2025-11-21T08:58:40+00:00,1763715520.000000,1053.000000
2025-11-21T08:58:41+00:00,1763715521.000000,4975.000000
2025-11-21T08:58:42+00:00,1763715522.000000,4947.000000
2025-11-21T08:58:43+00:00,1763715523.000000,18391.000000
2025-11-21T08:58:44+00:00,1763715524.000000,21137.000000
2025-11-21T08:58:45+00:00,1763715525.000000,1337.000000
2025-11-21T08:58:46+00:00,1763715526.000000,8092.000000
2025-11-21T08:58:47+00:00,1763715527.000000,1426.000000
2025-11-21T08:58:48+00:00,1763715528.000000,9989.000000
2025-11-21T08:58:49+00:00,1763715529.000000,812.000000
2025-11-21T08:58:50+00:00,1763715530.000000,5045.000000
2025-11-21T08:58:51+00:00,1763715531.000000,589.000000
2025-11-21T08:58:52+00:00,1763715532.000000,16406.000000
2025-11-21T08:58:53+00:00,1763715533.000000,2326.000000
2025-11-21T08:58:54+00:00,1763715534.000000,304.000000
2025-11-21T08:58:55+00:00,1763715535.000000,7518.000000
2025-11-21T08:58:56+00:00,1763715536.000000,406.000000
2025-11-21T08:58:57+00:00,1763715537.000000,180.000000
2025-11-21T08:58:58+00:00,1763715538.000000,7698.000000
2025-11-21T08:58:59+00:00,1763715539.000000,359.000000
2025-11-21T08:59:00+00:00,1763715540.000000,240.000000
2025-11-21T08:59:01+00:00,1763715541.000000,7365.000000
2025-11-21T08:59:02+00:00,1763715542.000000,922.000000
2025-11-21T08:59:03+00:00,1763715543.000000,304.000000
2025-11-21T08:59:04+00:00,1763715544.000000,5100.000000
2025-11-21T08:59:05+00:00,1763715545.000000,1353.000000
2025-11-21T08:59:06+00:00,1763715546.000000,5113.000000
2025-11-21T08:59:07+00:00,1763715547.000000,500.000000
2025-11-21T08:59:08+00:00,1763715548.000000,7344.000000
2025-11-21T08:59:09+00:00,1763715549.000000,276.000000
2025-11-21T08:59:10+00:00,1763715550.000000,106.000000
2025-11-21T08:59:11+00:00,1763715551.000000,5155.000000
2025-11-21T08:59:12+00:00,1763715552.000000,392.000000
2025-11-21T08:59:13+00:00,1763715553.000000,4971.000000
2025-11-21T08:59:14+00:00,1763715554.000000,23071.000000
2025-11-21T08:59:15+00:00,1763715555.000000,27361.000000
2025-11-21T08:59:16+00:00,1763715556.000000,330.000000
2025-11-21T08:59:17+00:00,1763715557.000000,60.000000
2025-11-21T08:59:18+00:00,1763715558.000000,7483.000000
2025-11-21T08:59:19+00:00,1763715559.000000,499.000000
2025-11-21T08:59:20+00:00,1763715560.000000,249.000000
2025-11-21T08:59:21+00:00,1763715561.000000,5220.000000
2025-11-21T08:59:22+00:00,1763715562.000000,545.000000
2025-11-21T08:59:23+00:00,1763715563.000000,7151.000000
2025-11-21T08:59:24+00:00,1763715564.000000,2706.000000
2025-11-21T08:59:25+00:00,1763715565.000000,1948.000000
2025-11-21T08:59:26+00:00,1763715566.000000,12865.000000
2025-11-21T08:59:27+00:00,1763715567.000000,120.000000
2025-11-21T08:59:28+00:00,1763715568.000000,5035.000000
2025-11-21T08:59:29+00:00,1763715569.000000,365.000000
2025-11-21T08:59:30+00:00,1763715570.000000,5031.000000
2025-11-21T08:59:31+00:00,1763715571.000000,576.000000
2025-11-21T08:59:32+00:00,1763715572.000000,29029.000000
2025-11-21T08:59:33+00:00,1763715573.000000,11480.000000
2025-11-21T08:59:34+00:00,1763715574.000000,77000.000000
2025-11-21T08:59:35+00:00,1763715575.000000,14939.000000
2025-11-21T08:59:36+00:00,1763715576.000000,12578.000000
2025-11-21T08:59:37+00:00,1763715577.000000,7410.000000
2025-11-21T08:59:38+00:00,1763715578.000000,7066.000000
2025-11-21T08:59:39+00:00,1763715579.000000,634.000000
2025-11-21T08:59:40+00:00,1763715580.000000,10380.000000
2025-11-21T08:59:41+00:00,1763715581.000000,15873.000000
2025-11-21T08:59:42+00:00,1763715582.000000,8161.000000
2025-11-21T08:59:43+00:00,1763715583.000000,7699.000000
2025-11-21T08:59:44+00:00,1763715584.000000,270.000000
2025-11-21T08:59:45+00:00,1763715585.000000,18556.000000
2025-11-21T08:59:46+00:00,1763715586.000000,3060.000000
2025-11-21T08:59:47+00:00,1763715587.000000,6287.000000
2025-11-21T08:59:48+00:00,1763715588.000000,4613.000000
2025-11-21T08:59:49+00:00,1763715589.000000,29742.000000
2025-11-21T08:59:50+00:00,1763715590.000000,13647.000000
2025-11-21T08:59:51+00:00,1763715591.000000,44007.000000
2025-11-21T08:59:52+00:00,1763715592.000000,9476.000000
2025-11-21T08:59:53+00:00,1763715593.000000,23160.000000
2025-11-21T08:59:54+00:00,1763715594.000000,4949.000000
2025-11-21T08:59:55+00:00,1763715595.000000,421.000000
2025-11-21T08:59:56+00:00,1763715596.000000,4975.000000
2025-11-21T08:59:57+00:00,1763715597.000000,340.000000
2025-11-21T08:59:58+00:00,1763715598.000000,5095.000000
2025-11-21T08:59:59+00:00,1763715599.000000,390.000000
2025-11-21T09:00:00+00:00,1763715600.000000,203.000000
2025-11-21T09:00:01+00:00,1763715601.000000,6736.000000
2025-11-21T09:00:02+00:00,1763715602.000000,353.000000
2025-11-21T09:00:03+00:00,1763715603.000000,7649.000000
2025-11-21T09:00:04+00:00,1763715604.000000,425.000000
2025-11-21T09:00:05+00:00,1763715605.000000,5215.000000
2025-11-21T09:00:06+00:00,1763715606.000000,482.000000
2025-11-21T09:00:07+00:00,1763715607.000000,7526.000000
2025-11-21T09:00:08+00:00,1763715608.000000,396.000000
2025-11-21T09:00:09+00:00,1763715609.000000,1443.000000
2025-11-21T09:00:10+00:00,1763715610.000000,5466.000000
2025-11-21T09:00:11+00:00,1763715611.000000,64.000000
2025-11-21T09:00:12+00:00,1763715612.000000,7394.000000
2025-11-21T09:00:13+00:00,1763715613.000000,602.000000
2025-11-21T09:00:14+00:00,1763715614.000000,734.000000
2025-11-21T09:00:15+00:00,1763715615.000000,5035.000000
2025-11-21T09:00:16+00:00,1763715616.000000,370.000000
2025-11-21T09:00:17+00:00,1763715617.000000,6910.000000
2025-11-21T09:00:18+00:00,1763715618.000000,29753.000000
2025-11-21T09:00:19+00:00,1763715619.000000,7754.000000
2025-11-21T09:00:20+00:00,1763715620.000000,581.000000
2025-11-21T09:00:21+00:00,1763715621.000000,60.000000
2025-11-21T09:00:22+00:00,1763715622.000000,7740.000000
2025-11-21T09:00:23+00:00,1763715623.000000,798.000000
2025-11-21T09:00:24+00:00,1763715624.000000,60.000000
2025-11-21T09:00:25+00:00,1763715625.000000,5035.000000
2025-11-21T09:00:26+00:00,1763715626.000000,297.000000
2025-11-21T09:00:27+00:00,1763715627.000000,12849.000000
2025-11-21T09:00:28+00:00,1763715628.000000,33669.000000
2025-11-21T09:00:29+00:00,1763715629.000000,15316.000000
2025-11-21T09:00:30+00:00,1763715630.000000,5762.000000
2025-11-21T09:00:31+00:00,1763715631.000000,10040.000000
2025-11-21T09:00:32+00:00,1763715632.000000,22445.000000
2025-11-21T09:00:33+00:00,1763715633.000000,7072.000000
2025-11-21T09:00:34+00:00,1763715634.000000,5250.000000
2025-11-21T09:00:35+00:00,1763715635.000000,1011.000000
2025-11-21T09:00:36+00:00,1763715636.000000,8086.000000
2025-11-21T09:00:37+00:00,1763715637.000000,965.000000
2025-11-21T09:00:38+00:00,1763715638.000000,185.000000
2025-11-21T09:00:39+00:00,1763715639.000000,5340.000000
2025-11-21T09:00:40+00:00,1763715640.000000,271.000000
2025-11-21T09:00:41+00:00,1763715641.000000,5805.000000
2025-11-21T09:00:42+00:00,1763715642.000000,2614.000000
2025-11-21T09:00:43+00:00,1763715643.000000,10502.000000
2025-11-21T09:00:44+00:00,1763715644.000000,3930.000000
2025-11-21T09:00:45+00:00,1763715645.000000,6929.000000
2025-11-21T09:00:46+00:00,1763715646.000000,7365.000000
2025-11-21T09:00:47+00:00,1763715647.000000,1311.000000
2025-11-21T09:00:48+00:00,1763715648.000000,11028.000000
2025-11-21T09:00:49+00:00,1763715649.000000,5150.000000
2025-11-21T09:00:50+00:00,1763715650.000000,16341.000000
2025-11-21T09:00:51+00:00,1763715651.000000,8985.000000
2025-11-21T09:00:52+00:00,1763715652.000000,1826.000000
2025-11-21T09:00:53+00:00,1763715653.000000,1331.000000
2025-11-21T09:00:54+00:00,1763715654.000000,5807.000000
2025-11-21T09:00:55+00:00,1763715655.000000,331.000000
2025-11-21T09:00:56+00:00,1763715656.000000,5955.000000
2025-11-21T09:00:57+00:00,1763715657.000000,2045.000000
2025-11-21T09:00:58+00:00,1763715658.000000,7399.000000
2025-11-21T09:00:59+00:00,1763715659.000000,877.000000
2025-11-21T09:01:00+00:00,1763715660.000000,60.000000
2025-11-21T09:01:01+00:00,1763715661.000000,5215.000000
2025-11-21T09:01:02+00:00,1763715662.000000,326.000000
2025-11-21T09:01:03+00:00,1763715663.000000,7386.000000
2025-11-21T09:01:04+00:00,1763715664.000000,1429.000000
2025-11-21T09:01:05+00:00,1763715665.000000,552.000000
2025-11-21T09:01:06+00:00,1763715666.000000,5245.000000
2025-11-21T09:01:07+00:00,1763715667.000000,397.000000
2025-11-21T09:01:08+00:00,1763715668.000000,8832.000000
2025-11-21T09:01:09+00:00,1763715669.000000,357.000000
2025-11-21T09:01:10+00:00,1763715670.000000,60.000000
2025-11-21T09:01:11+00:00,1763715671.000000,5215.000000
2025-11-21T09:01:12+00:00,1763715672.000000,611.000000
2025-11-21T09:01:13+00:00,1763715673.000000,5280.000000
2025-11-21T09:01:14+00:00,1763715674.000000,597.000000
2025-11-21T09:01:15+00:00,1763715675.000000,5166.000000
2025-11-21T09:01:16+00:00,1763715676.000000,506.000000
2025-11-21T09:01:17+00:00,1763715677.000000,5151.000000
2025-11-21T09:01:18+00:00,1763715678.000000,549.000000
2025-11-21T09:01:19+00:00,1763715679.000000,7616.000000
2025-11-21T09:01:20+00:00,1763715680.000000,16744.000000
2025-11-21T09:01:21+00:00,1763715681.000000,40208.000000
2025-11-21T09:01:22+00:00,1763715682.000000,5245.000000
2025-11-21T09:01:23+00:00,1763715683.000000,420.000000
2025-11-21T09:01:24+00:00,1763715684.000000,7537.000000
2025-11-21T09:01:25+00:00,1763715685.000000,364.000000
2025-11-21T09:01:26+00:00,1763715686.000000,488.000000
2025-11-21T09:01:27+00:00,1763715687.000000,4975.000000
2025-11-21T09:01:28+00:00,1763715688.000000,206.000000
2025-11-21T09:01:29+00:00,1763715689.000000,5712.000000
2025-11-21T09:01:30+00:00,1763715690.000000,2270.000000
2025-11-21T09:01:31+00:00,1763715691.000000,11020.000000
2025-11-21T09:01:32+00:00,1763715692.000000,6013.000000
2025-11-21T09:01:33+00:00,1763715693.000000,2163.000000
2025-11-21T09:01:34+00:00,1763715694.000000,8498.000000
2025-11-21T09:01:35+00:00,1763715695.000000,521.000000
2025-11-21T09:01:36+00:00,1763715696.000000,185.000000
2025-11-21T09:01:37+00:00,1763715697.000000,5215.000000
2025-11-21T09:01:38+00:00,1763715698.000000,785.000000
2025-11-21T09:01:39+00:00,1763715699.000000,7932.000000
2025-11-21T09:01:40+00:00,1763715700.000000,330.000000
2025-11-21T09:01:41+00:00,1763715701.000000,234.000000
2025-11-21T09:01:42+00:00,1763715702.000000,5883.000000
2025-11-21T09:01:43+00:00,1763715703.000000,312.000000
2025-11-21T09:01:44+00:00,1763715704.000000,7338.000000
2025-11-21T09:01:45+00:00,1763715705.000000,394.000000
2025-11-21T09:01:46+00:00,1763715706.000000,484.000000
2025-11-21T09:01:47+00:00,1763715707.000000,5061.000000
2025-11-21T09:01:48+00:00,1763715708.000000,896.000000
2025-11-21T09:01:49+00:00,1763715709.000000,4971.000000
2025-11-21T09:01:50+00:00,1763715710.000000,309.000000
2025-11-21T09:01:51+00:00,1763715711.000000,14974.000000
2025-11-21T09:01:52+00:00,1763715712.000000,21136.000000
2025-11-21T09:01:53+00:00,1763715713.000000,2320.000000
2025-11-21T09:01:54+00:00,1763715714.000000,7698.000000
2025-11-21T09:01:55+00:00,1763715715.000000,1866.000000
2025-11-21T09:01:56+00:00,1763715716.000000,406.000000
2025-11-21T09:01:57+00:00,1763715717.000000,5397.000000
2025-11-21T09:01:58+00:00,1763715718.000000,1689.000000
2025-11-21T09:01:59+00:00,1763715719.000000,5463.000000
2025-11-21T09:02:00+00:00,1763715720.000000,1868.000000
2025-11-21T09:02:01+00:00,1763715721.000000,180.000000
2025-11-21T09:02:02+00:00,1763715722.000000,120.000000
2025-11-21T09:02:03+00:00,1763715723.000000,12600.000000
2025-11-21T09:02:04+00:00,1763715724.000000,2111.000000
2025-11-21T09:02:05+00:00,1763715725.000000,5833.000000
2025-11-21T09:02:07+00:00,1763715727.000000,180.000000
2025-11-21T09:02:08+00:00,1763715728.000000,506.000000
2025-11-21T09:02:09+00:00,1763715729.000000,120.000000
2025-11-21T09:02:10+00:00,1763715730.000000,180.000000
2025-11-21T09:02:11+00:00,1763715731.000000,146.000000
2025-11-21T09:02:12+00:00,1763715732.000000,174.000000
2025-11-21T09:02:13+00:00,1763715733.000000,797.000000
2025-11-21T09:02:14+00:00,1763715734.000000,5259.000000
2025-11-21T09:02:15+00:00,1763715735.000000,1049.000000
2025-11-21T09:02:16+00:00,1763715736.000000,630.000000
2025-11-21T09:02:17+00:00,1763715737.000000,60.000000
2025-11-21T09:02:18+00:00,1763715738.000000,4814.000000
2025-11-21T09:02:19+00:00,1763715739.000000,5612.000000
2025-11-21T09:02:20+00:00,1763715740.000000,43155.000000
2025-11-21T09:02:21+00:00,1763715741.000000,576.000000
2025-11-21T09:02:22+00:00,1763715742.000000,56012.000000
2025-11-21T09:02:23+00:00,1763715743.000000,22346.000000
2025-11-21T09:02:24+00:00,1763715744.000000,8804.000000
2025-11-21T09:02:25+00:00,1763715745.000000,1868.000000
2025-11-21T09:02:26+00:00,1763715746.000000,451.000000
2025-11-21T09:02:27+00:00,1763715747.000000,5343.000000
2025-11-21T09:02:28+00:00,1763715748.000000,1959.000000
2025-11-21T09:02:29+00:00,1763715749.000000,7742.000000
2025-11-21T09:02:30+00:00,1763715750.000000,271.000000
2025-11-21T09:02:31+00:00,1763715751.000000,120.000000
2025-11-21T09:02:32+00:00,1763715752.000000,4911.000000
2025-11-21T09:02:33+00:00,1763715753.000000,1928.000000
2025-11-21T09:02:34+00:00,1763715754.000000,987.000000
2025-11-21T09:02:35+00:00,1763715755.000000,8900.000000
2025-11-21T09:02:36+00:00,1763715756.000000,523.000000
2025-11-21T09:02:37+00:00,1763715757.000000,7669.000000
2025-11-21T09:02:38+00:00,1763715758.000000,395.000000
2025-11-21T09:02:39+00:00,1763715759.000000,476.000000
2025-11-21T09:02:40+00:00,1763715760.000000,4975.000000
2025-11-21T09:02:41+00:00,1763715761.000000,1684.000000
2025-11-21T09:02:42+00:00,1763715762.000000,484.000000
2025-11-21T09:02:43+00:00,1763715763.000000,10861.000000
2025-11-21T09:02:44+00:00,1763715764.000000,2110.000000
2025-11-21T09:02:45+00:00,1763715765.000000,269.000000
2025-11-21T09:02:46+00:00,1763715766.000000,6833.000000
2025-11-21T09:02:47+00:00,1763715767.000000,502.000000
2025-11-21T09:02:48+00:00,1763715768.000000,7196.000000
2025-11-21T09:02:49+00:00,1763715769.000000,571.000000
2025-11-21T09:02:50+00:00,1763715770.000000,5522.000000
2025-11-21T09:02:52+00:00,1763715772.000000,5181.000000
2025-11-21T09:02:53+00:00,1763715773.000000,11432.000000
2025-11-21T09:02:54+00:00,1763715774.000000,15284.000000
2025-11-21T09:02:55+00:00,1763715775.000000,8594.000000
2025-11-21T09:02:56+00:00,1763715776.000000,683.000000
2025-11-21T09:02:57+00:00,1763715777.000000,544.000000
2025-11-21T09:02:58+00:00,1763715778.000000,5399.000000
2025-11-21T09:02:59+00:00,1763715779.000000,180.000000
2025-11-21T09:03:00+00:00,1763715780.000000,5306.000000
2025-11-21T09:03:01+00:00,1763715781.000000,2493.000000
2025-11-21T09:03:02+00:00,1763715782.000000,5279.000000
2025-11-21T09:03:03+00:00,1763715783.000000,271.000000
2025-11-21T09:03:04+00:00,1763715784.000000,7458.000000
2025-11-21T09:03:05+00:00,1763715785.000000,692.000000
2025-11-21T09:03:06+00:00,1763715786.000000,1094.000000
2025-11-21T09:03:07+00:00,1763715787.000000,5480.000000
2025-11-21T09:03:08+00:00,1763715788.000000,64.000000
2025-11-21T09:03:09+00:00,1763715789.000000,7826.000000
2025-11-21T09:03:10+00:00,1763715790.000000,1868.000000
2025-11-21T09:03:11+00:00,1763715791.000000,515.000000
2025-11-21T09:03:12+00:00,1763715792.000000,5215.000000
2025-11-21T09:03:13+00:00,1763715793.000000,12548.000000
2025-11-21T09:03:14+00:00,1763715794.000000,22213.000000
2025-11-21T09:03:15+00:00,1763715795.000000,3739.000000
2025-11-21T09:03:17+00:00,1763715797.000000,5120.000000
2025-11-21T09:03:18+00:00,1763715798.000000,669.000000
2025-11-21T09:03:19+00:00,1763715799.000000,369.000000
2025-11-21T09:03:20+00:00,1763715800.000000,6026.000000
2025-11-21T09:03:21+00:00,1763715801.000000,8661.000000
2025-11-21T09:03:22+00:00,1763715802.000000,9229.000000
2025-11-21T09:03:24+00:00,1763715804.000000,24158.000000
2025-11-21T09:03:25+00:00,1763715805.000000,32379.000000
2025-11-21T09:03:26+00:00,1763715806.000000,490.000000
2025-11-21T09:03:27+00:00,1763715807.000000,8242.000000
2025-11-21T09:03:28+00:00,1763715808.000000,617.000000
2025-11-21T09:03:29+00:00,1763715809.000000,7707.000000
2025-11-21T09:03:30+00:00,1763715810.000000,9069.000000
2025-11-21T09:03:31+00:00,1763715811.000000,618.000000
2025-11-21T09:03:32+00:00,1763715812.000000,4911.000000
2025-11-21T09:03:33+00:00,1763715813.000000,580.000000
2025-11-21T09:03:34+00:00,1763715814.000000,346.000000
2025-11-21T09:03:35+00:00,1763715815.000000,7158.000000
2025-11-21T09:03:36+00:00,1763715816.000000,1185.000000
2025-11-21T09:03:37+00:00,1763715817.000000,244.000000
2025-11-21T09:03:38+00:00,1763715818.000000,759.000000
2025-11-21T09:03:39+00:00,1763715819.000000,1964.000000
2025-11-21T09:03:40+00:00,1763715820.000000,3564.000000
2025-11-21T09:03:41+00:00,1763715821.000000,3122.000000
2025-11-21T09:03:42+00:00,1763715822.000000,688.000000
2025-11-21T09:06:12+00:00,1763715972.000000,7547.000000
2025-11-21T09:06:13+00:00,1763715973.000000,53911.000000
2025-11-21T09:06:14+00:00,1763715974.000000,278712.000000
2025-11-21T09:06:15+00:00,1763715975.000000,119933.000000
2025-11-21T09:06:16+00:00,1763715976.000000,166574.000000
2025-11-21T09:06:17+00:00,1763715977.000000,32790.000000
2025-11-21T09:06:18+00:00,1763715978.000000,5809.000000
2025-11-21T09:06:19+00:00,1763715979.000000,16545.000000
2025-11-21T09:06:20+00:00,1763715980.000000,5206.000000
2025-11-21T09:06:21+00:00,1763715981.000000,3394.000000
2025-11-21T09:06:22+00:00,1763715982.000000,20938.000000
2025-11-21T09:06:23+00:00,1763715983.000000,8143.000000
2025-11-21T09:06:24+00:00,1763715984.000000,16150.000000
2025-11-21T09:06:25+00:00,1763715985.000000,30498.000000
2025-11-21T09:06:26+00:00,1763715986.000000,3313.000000
2025-11-21T09:06:27+00:00,1763715987.000000,1188.000000
2025-11-21T09:06:28+00:00,1763715988.000000,5212.000000
2025-11-21T09:06:29+00:00,1763715989.000000,12326.000000
2025-11-21T09:06:30+00:00,1763715990.000000,21394.000000
2025-11-21T09:06:32+00:00,1763715992.000000,569.000000
2025-11-21T09:06:33+00:00,1763715993.000000,8289.000000
2025-11-21T09:06:34+00:00,1763715994.000000,5286.000000
2025-11-21T09:06:35+00:00,1763715995.000000,252.000000
2025-11-21T09:06:36+00:00,1763715996.000000,7642.000000
2025-11-21T09:06:37+00:00,1763715997.000000,276.000000
2025-11-21T09:06:38+00:00,1763715998.000000,398.000000
2025-11-21T09:06:39+00:00,1763715999.000000,5491.000000
2025-11-21T09:06:40+00:00,1763716000.000000,1494.000000
2025-11-21T09:06:41+00:00,1763716001.000000,7404.000000
2025-11-21T09:06:42+00:00,1763716002.000000,830.000000
2025-11-21T09:06:43+00:00,1763716003.000000,61397.000000
2025-11-21T09:06:44+00:00,1763716004.000000,100497.000000
2025-11-21T09:06:45+00:00,1763716005.000000,39447.000000
2025-11-21T09:06:46+00:00,1763716006.000000,29853.000000
2025-11-21T09:06:47+00:00,1763716007.000000,566.000000
2025-11-21T09:06:48+00:00,1763716008.000000,239.000000
2025-11-21T09:06:49+00:00,1763716009.000000,5460.000000
2025-11-21T09:06:50+00:00,1763716010.000000,2324.000000
2025-11-21T09:06:51+00:00,1763716011.000000,124766.000000
2025-11-21T09:06:52+00:00,1763716012.000000,64.000000
2025-11-21T09:06:53+00:00,1763716013.000000,180.000000
2025-11-21T09:06:54+00:00,1763716014.000000,5035.000000
2025-11-21T09:06:55+00:00,1763716015.000000,616.000000
2025-11-21T09:06:56+00:00,1763716016.000000,5459.000000
2025-11-21T09:06:57+00:00,1763716017.000000,1808.000000
2025-11-21T09:06:58+00:00,1763716018.000000,7720.000000
2025-11-21T09:06:59+00:00,1763716019.000000,898.000000
2025-11-21T09:07:00+00:00,1763716020.000000,125.000000
2025-11-21T09:07:01+00:00,1763716021.000000,5672.000000
2025-11-21T09:07:02+00:00,1763716022.000000,420.000000
2025-11-21T09:07:03+00:00,1763716023.000000,7845.000000
2025-11-21T09:07:04+00:00,1763716024.000000,11967.000000
2025-11-21T09:07:05+00:00,1763716025.000000,3044.000000
2025-11-21T09:07:06+00:00,1763716026.000000,6809.000000
2025-11-21T09:07:07+00:00,1763716027.000000,120.000000
2025-11-21T09:07:08+00:00,1763716028.000000,5214.000000
2025-11-21T09:07:09+00:00,1763716029.000000,333.000000
2025-11-21T09:07:10+00:00,1763716030.000000,7356.000000
2025-11-21T09:07:11+00:00,1763716031.000000,10769.000000
2025-11-21T09:07:12+00:00,1763716032.000000,55.000000
2025-11-21T09:07:13+00:00,1763716033.000000,20211.000000
2025-11-21T09:07:14+00:00,1763716034.000000,1873.000000
2025-11-21T09:07:15+00:00,1763716035.000000,21676.000000
2025-11-21T09:07:16+00:00,1763716036.000000,37696.000000
2025-11-21T09:07:17+00:00,1763716037.000000,434.000000
2025-11-21T09:07:18+00:00,1763716038.000000,5647.000000
2025-11-21T09:07:19+00:00,1763716039.000000,538.000000
2025-11-21T09:07:20+00:00,1763716040.000000,5962.000000
2025-11-21T09:07:21+00:00,1763716041.000000,431.000000
2025-11-21T09:07:22+00:00,1763716042.000000,7444.000000
